<list>
  <com.dotmarketing.beans.Identifier>
    <id>0128fd87-9428-46c7-ae35-a43dc46b1d85</id>
    <assetName>star</assetName>
    <assetType>folder</assetType>
    <parentPath>/</parentPath>
    <hostId>8a7d5e23-da1e-420a-b4f0-471e7da8ea2d</hostId>
  </com.dotmarketing.beans.Identifier>
  <com.dotmarketing.beans.Identifier>
    <id>3ca17ccb-3f07-4fb0-b587-c09b080862b0</id>
    <assetName>untitled folder</assetName>
    <assetType>folder</assetType>
    <parentPath>/</parentPath>
    <hostId>8a7d5e23-da1e-420a-b4f0-471e7da8ea2d</hostId>
  </com.dotmarketing.beans.Identifier>
  <com.dotmarketing.beans.Identifier>
    <id>8a7d5e23-da1e-420a-b4f0-471e7da8ea2d</id>
    <assetName>content.ff462f88-d9e1-4d31-b084-b73cb61976d3</assetName>
    <assetType>contentlet</assetType>
    <parentPath>/</parentPath>
    <hostId>SYSTEM_HOST</hostId>
  </com.dotmarketing.beans.Identifier>
  <com.dotmarketing.beans.Identifier>
    <id>SYSTEM_HOST</id>
    <assetName>system host</assetName>
    <assetType>contentlet</assetType>
    <parentPath>/</parentPath>
    <hostId>SYSTEM_HOST</hostId>
  </com.dotmarketing.beans.Identifier>
  <com.dotmarketing.beans.Identifier>
    <id>e76aa9f1-8559-4e3b-bc2c-f3e18aca648c</id>
    <assetName>test</assetName>
    <assetType>folder</assetType>
    <parentPath>/</parentPath>
    <hostId>8a7d5e23-da1e-420a-b4f0-471e7da8ea2d</hostId>
  </com.dotmarketing.beans.Identifier>
  <com.dotmarketing.beans.Identifier>
    <id>bc9a1d37-dd2d-4d49-a29d-0c9be740bfaf</id>
    <assetName>system folder</assetName>
    <assetType>folder</assetType>
    <parentPath>/System folder</parentPath>
    <hostId>SYSTEM_HOST</hostId>
  </com.dotmarketing.beans.Identifier>
  <com.dotmarketing.beans.Identifier>
    <id>09a46625-1579-462a-aab9-727da1cabfb4</id>
    <assetName>comodorsaaddtrustca.crt</assetName>
    <assetType>contentlet</assetType>
    <parentPath>/star/</parentPath>
    <hostId>8a7d5e23-da1e-420a-b4f0-471e7da8ea2d</hostId>
  </com.dotmarketing.beans.Identifier>
  <com.dotmarketing.beans.Identifier>
    <id>19b3596f-2652-47a9-bb06-005f8aa07920</id>
    <assetName>server.p12</assetName>
    <assetType>contentlet</assetType>
    <parentPath>/star/</parentPath>
    <hostId>8a7d5e23-da1e-420a-b4f0-471e7da8ea2d</hostId>
  </com.dotmarketing.beans.Identifier>
  <com.dotmarketing.beans.Identifier>
    <id>1b8a5a4d-6061-407f-b85e-117773c9e492</id>
    <assetName>addtrustexternalcaroot.crt</assetName>
    <assetType>contentlet</assetType>
    <parentPath>/star/</parentPath>
    <hostId>8a7d5e23-da1e-420a-b4f0-471e7da8ea2d</hostId>
  </com.dotmarketing.beans.Identifier>
  <com.dotmarketing.beans.Identifier>
    <id>2d666d64-0974-417b-82e4-bd5bd5e8be2e</id>
    <assetName>dotcms.io.crt</assetName>
    <assetType>contentlet</assetType>
    <parentPath>/star/</parentPath>
    <hostId>8a7d5e23-da1e-420a-b4f0-471e7da8ea2d</hostId>
  </com.dotmarketing.beans.Identifier>
  <com.dotmarketing.beans.Identifier>
    <id>5253453d-d527-4b6e-a46a-93800e00357e</id>
    <assetName>dotcms.io.key</assetName>
    <assetType>contentlet</assetType>
    <parentPath>/star/</parentPath>
    <hostId>8a7d5e23-da1e-420a-b4f0-471e7da8ea2d</hostId>
  </com.dotmarketing.beans.Identifier>
  <com.dotmarketing.beans.Identifier>
    <id>6b479ac4-7f31-42a7-9ff8-0f6e63d2e9fd</id>
    <assetName>comodorsadomainvalidationsecureserverca.crt</assetName>
    <assetType>contentlet</assetType>
    <parentPath>/star/</parentPath>
    <hostId>8a7d5e23-da1e-420a-b4f0-471e7da8ea2d</hostId>
  </com.dotmarketing.beans.Identifier>
  <com.dotmarketing.beans.Identifier>
    <id>a29ea952-36a9-429d-b177-e27e2be5ace6</id>
    <assetName>dotcms.io.csr</assetName>
    <assetType>contentlet</assetType>
    <parentPath>/star/</parentPath>
    <hostId>8a7d5e23-da1e-420a-b4f0-471e7da8ea2d</hostId>
  </com.dotmarketing.beans.Identifier>
  <com.dotmarketing.beans.Identifier>
    <id>a8eab34e-bf4a-436e-8dc2-aa8adcd07bc9</id>
    <assetName>ca-chain.pem</assetName>
    <assetType>contentlet</assetType>
    <parentPath>/star/</parentPath>
    <hostId>8a7d5e23-da1e-420a-b4f0-471e7da8ea2d</hostId>
  </com.dotmarketing.beans.Identifier>
  <com.dotmarketing.beans.Identifier>
    <id>c288276f-67f4-46b7-b29a-84390b0bb2db</id>
    <assetName>server.keystore</assetName>
    <assetType>contentlet</assetType>
    <parentPath>/star/</parentPath>
    <hostId>8a7d5e23-da1e-420a-b4f0-471e7da8ea2d</hostId>
  </com.dotmarketing.beans.Identifier>
  <com.dotmarketing.beans.Identifier>
    <id>28cce5b4-d65e-4779-ab89-1294d26fd037</id>
    <assetName>generate-license.txt</assetName>
    <assetType>contentlet</assetType>
    <parentPath>/test/</parentPath>
    <hostId>8a7d5e23-da1e-420a-b4f0-471e7da8ea2d</hostId>
  </com.dotmarketing.beans.Identifier>
  <com.dotmarketing.beans.Identifier>
    <id>3d71a26f-8a99-46c0-807d-57cb10dd804e</id>
    <assetName>bundlebuilder.txt</assetName>
    <assetType>contentlet</assetType>
    <parentPath>/test/</parentPath>
    <hostId>8a7d5e23-da1e-420a-b4f0-471e7da8ea2d</hostId>
  </com.dotmarketing.beans.Identifier>
  <com.dotmarketing.beans.Identifier>
    <id>542bb04e-0bb4-4cba-949d-a9e7a2b7072e</id>
    <assetName>docker-cheats.txt</assetName>
    <assetType>contentlet</assetType>
    <parentPath>/test/</parentPath>
    <hostId>8a7d5e23-da1e-420a-b4f0-471e7da8ea2d</hostId>
  </com.dotmarketing.beans.Identifier>
</list>