<list>
  <com.dotmarketing.business.UsersRoles>
    <id>0725031f-789d-422a-aee0-f97749de66d7</id>
    <userId>dotcms.org.default</userId>
    <roleId>30243735-684a-4fdb-aaca-f2012a1bc946</roleId>
  </com.dotmarketing.business.UsersRoles>
  <com.dotmarketing.business.UsersRoles>
    <id>3d96ec34-ee03-46ff-a9ef-f6e33ae1a339</id>
    <userId>system</userId>
    <roleId>892ab105-f212-407f-8fb4-58ec59310a5e</roleId>
  </com.dotmarketing.business.UsersRoles>
  <com.dotmarketing.business.UsersRoles>
    <id>85493f9c-0581-4c8d-9b86-d1d35a92930a</id>
    <userId>anonymous</userId>
    <roleId>654b0931-1027-41f7-ad4d-173115ed8ec1</roleId>
  </com.dotmarketing.business.UsersRoles>
  <com.dotmarketing.business.UsersRoles>
    <id>9d7b8298-11d6-4b31-b208-e3b9f498770e</id>
    <userId>dotcms.org.1</userId>
    <roleId>6f9d5449-8f48-4179-a2ad-1983d6217fef</roleId>
  </com.dotmarketing.business.UsersRoles>
  <com.dotmarketing.business.UsersRoles>
    <id>9e6ad8a8-5d22-4432-859c-49f232e1fdac</id>
    <userId>dotcms.org.1</userId>
    <roleId>ff4d1504-a077-4874-b89b-9844d10d5b6d</roleId>
  </com.dotmarketing.business.UsersRoles>
  <com.dotmarketing.business.UsersRoles>
    <id>c2bd5c4f-7acd-4e2a-bfc8-13ea81e87b53</id>
    <userId>anonymous</userId>
    <roleId>edecd377-2321-4803-aa8b-89797dd0d61f</roleId>
  </com.dotmarketing.business.UsersRoles>
  <com.dotmarketing.business.UsersRoles>
    <id>d3598295-cf25-4dd9-9e79-d930395f6fef</id>
    <userId>dotcms.org.1</userId>
    <roleId>892ab105-f212-407f-8fb4-58ec59310a5e</roleId>
  </com.dotmarketing.business.UsersRoles>
  <com.dotmarketing.business.UsersRoles>
    <id>e0d9c00f-e279-4094-8f69-0ebb410f7e6a</id>
    <userId>dotcms.org.1</userId>
    <roleId>e7d4e34e-5127-45fc-8123-d48b62d510e3</roleId>
  </com.dotmarketing.business.UsersRoles>
</list>