<list>
  <com.dotmarketing.portlets.folders.model.Folder>
    <iDate class="sql-timestamp">2019-04-02 20:30:56.502</iDate>
    <type>folder</type>
    <owner></owner>
    <inode>0ffc9099-192a-4322-a2a0-d83ed83b3958</inode>
    <identifier>0128fd87-9428-46c7-ae35-a43dc46b1d85</identifier>
    <name>star</name>
    <sortOrder>0</sortOrder>
    <showOnMenu>false</showOnMenu>
    <hostId>8a7d5e23-da1e-420a-b4f0-471e7da8ea2d</hostId>
    <title>STAR</title>
    <filesMasks></filesMasks>
    <defaultFileType>33888b6f-7a8e-4069-b1b6-5c1aa9d0a48d</defaultFileType>
    <modDate class="sql-timestamp">2019-04-02 20:32:09.519</modDate>
  </com.dotmarketing.portlets.folders.model.Folder>
  <com.dotmarketing.portlets.folders.model.Folder>
    <iDate class="sql-timestamp">2019-04-02 20:30:47.401</iDate>
    <type>folder</type>
    <owner></owner>
    <inode>0aae369c-0316-43f4-9618-fc3a1e2e62d2</inode>
    <identifier>3ca17ccb-3f07-4fb0-b587-c09b080862b0</identifier>
    <name>untitled folder</name>
    <sortOrder>0</sortOrder>
    <showOnMenu>false</showOnMenu>
    <hostId>8a7d5e23-da1e-420a-b4f0-471e7da8ea2d</hostId>
    <title>untitled folder</title>
    <filesMasks></filesMasks>
    <defaultFileType>33888b6f-7a8e-4069-b1b6-5c1aa9d0a48d</defaultFileType>
    <modDate class="sql-timestamp">2019-04-02 20:30:47.402</modDate>
  </com.dotmarketing.portlets.folders.model.Folder>
  <com.dotmarketing.portlets.folders.model.Folder>
    <iDate class="sql-timestamp">2019-04-02 20:30:24.157</iDate>
    <type>folder</type>
    <owner></owner>
    <inode>3d8a8298-aeb4-48a7-a086-af895f3dd840</inode>
    <identifier>e76aa9f1-8559-4e3b-bc2c-f3e18aca648c</identifier>
    <name>test</name>
    <sortOrder>0</sortOrder>
    <showOnMenu>false</showOnMenu>
    <hostId>8a7d5e23-da1e-420a-b4f0-471e7da8ea2d</hostId>
    <title>test</title>
    <filesMasks></filesMasks>
    <defaultFileType>33888b6f-7a8e-4069-b1b6-5c1aa9d0a48d</defaultFileType>
    <modDate class="sql-timestamp">2019-04-02 20:30:27.305</modDate>
  </com.dotmarketing.portlets.folders.model.Folder>
  <com.dotmarketing.portlets.folders.model.Folder>
    <iDate class="sql-timestamp">2009-10-08 16:27:18.0</iDate>
    <type>folder</type>
    <owner>system</owner>
    <inode>SYSTEM_FOLDER</inode>
    <identifier>bc9a1d37-dd2d-4d49-a29d-0c9be740bfaf</identifier>
    <name>system folder</name>
    <sortOrder>0</sortOrder>
    <showOnMenu>false</showOnMenu>
    <hostId>SYSTEM_HOST</hostId>
    <title>System folder</title>
    <filesMasks></filesMasks>
    <defaultFileType>33888b6f-7a8e-4069-b1b6-5c1aa9d0a48d</defaultFileType>
    <modDate class="sql-timestamp">2017-03-07 13:25:58.0</modDate>
  </com.dotmarketing.portlets.folders.model.Folder>
</list>