<list>
  <com.dotmarketing.beans.Permission>
    <id>1</id>
    <inode>4da13a42-5d59-480c-ad8f-94a3adf809fe</inode>
    <roleId>617f7300-5c7b-463f-9554-380b918520bc</roleId>
    <permission>1</permission>
    <isBitPermission>false</isBitPermission>
    <type>individual</type>
  </com.dotmarketing.beans.Permission>
  <com.dotmarketing.beans.Permission>
    <id>2</id>
    <inode>134a50d3-782d-43de-8877-42c0be1c86a4</inode>
    <roleId>617f7300-5c7b-463f-9554-380b918520bc</roleId>
    <permission>1</permission>
    <isBitPermission>false</isBitPermission>
    <type>individual</type>
  </com.dotmarketing.beans.Permission>
  <com.dotmarketing.beans.Permission>
    <id>3</id>
    <inode>777f1c6b-c877-4a37-ba4b-10627316c2cc</inode>
    <roleId>c3eb4526-6d96-48d8-9540-e5fa560cfc0f</roleId>
    <permission>1</permission>
    <isBitPermission>false</isBitPermission>
    <type>individual</type>
  </com.dotmarketing.beans.Permission>
  <com.dotmarketing.beans.Permission>
    <id>4</id>
    <inode>000ec468-0a63-4283-beb7-fcb36c107b2f</inode>
    <roleId>c3eb4526-6d96-48d8-9540-e5fa560cfc0f</roleId>
    <permission>1</permission>
    <isBitPermission>false</isBitPermission>
    <type>individual</type>
  </com.dotmarketing.beans.Permission>
  <com.dotmarketing.beans.Permission>
    <id>5</id>
    <inode>4958588d-9c8e-40e4-bfcb-4ded40bd099f</inode>
    <roleId>c3eb4526-6d96-48d8-9540-e5fa560cfc0f</roleId>
    <permission>1</permission>
    <isBitPermission>false</isBitPermission>
    <type>individual</type>
  </com.dotmarketing.beans.Permission>
  <com.dotmarketing.beans.Permission>
    <id>6</id>
    <inode>ceca71a0-deee-4999-bd47-b01baa1bcfc8</inode>
    <roleId>617f7300-5c7b-463f-9554-380b918520bc</roleId>
    <permission>1</permission>
    <isBitPermission>false</isBitPermission>
    <type>individual</type>
  </com.dotmarketing.beans.Permission>
  <com.dotmarketing.beans.Permission>
    <id>7</id>
    <inode>b9d89c80-3d88-4311-8365-187323c96436</inode>
    <roleId>c3eb4526-6d96-48d8-9540-e5fa560cfc0f</roleId>
    <permission>1</permission>
    <isBitPermission>false</isBitPermission>
    <type>individual</type>
  </com.dotmarketing.beans.Permission>
  <com.dotmarketing.beans.Permission>
    <id>8</id>
    <inode>c92f9aa1-9503-4567-ac30-d3242b54d02d</inode>
    <roleId>617f7300-5c7b-463f-9554-380b918520bc</roleId>
    <permission>1</permission>
    <isBitPermission>false</isBitPermission>
    <type>individual</type>
  </com.dotmarketing.beans.Permission>
  <com.dotmarketing.beans.Permission>
    <id>9</id>
    <inode>38efc763-d78f-4e4b-b092-59cd8c579b93</inode>
    <roleId>c3eb4526-6d96-48d8-9540-e5fa560cfc0f</roleId>
    <permission>1</permission>
    <isBitPermission>false</isBitPermission>
    <type>individual</type>
  </com.dotmarketing.beans.Permission>
</list>