<list>
  <com.dotmarketing.portlets.contentlet.model.ContentletVersionInfo>
    <identifier>09a46625-1579-462a-aab9-727da1cabfb4</identifier>
    <liveInode>36937401-1057-4f29-8912-d9f66f620931</liveInode>
    <workingInode>36937401-1057-4f29-8912-d9f66f620931</workingInode>
    <lockedOn class="sql-timestamp">2019-04-02 20:31:00.196</lockedOn>
    <deleted>false</deleted>
    <versionTs class="sql-timestamp">2019-04-02 20:31:00.728</versionTs>
    <lang>1</lang>
  </com.dotmarketing.portlets.contentlet.model.ContentletVersionInfo>
  <com.dotmarketing.portlets.contentlet.model.ContentletVersionInfo>
    <identifier>19b3596f-2652-47a9-bb06-005f8aa07920</identifier>
    <liveInode>94018a2f-ed55-46bb-bc59-c7bffe326429</liveInode>
    <workingInode>94018a2f-ed55-46bb-bc59-c7bffe326429</workingInode>
    <lockedOn class="sql-timestamp">2019-04-02 20:31:09.579</lockedOn>
    <deleted>false</deleted>
    <versionTs class="sql-timestamp">2019-04-02 20:31:10.063</versionTs>
    <lang>1</lang>
  </com.dotmarketing.portlets.contentlet.model.ContentletVersionInfo>
  <com.dotmarketing.portlets.contentlet.model.ContentletVersionInfo>
    <identifier>1b8a5a4d-6061-407f-b85e-117773c9e492</identifier>
    <liveInode>1fe1592f-5a5b-46b4-a20e-4203ababc200</liveInode>
    <workingInode>1fe1592f-5a5b-46b4-a20e-4203ababc200</workingInode>
    <lockedOn class="sql-timestamp">2019-04-02 20:30:59.36</lockedOn>
    <deleted>false</deleted>
    <versionTs class="sql-timestamp">2019-04-02 20:30:59.856</versionTs>
    <lang>1</lang>
  </com.dotmarketing.portlets.contentlet.model.ContentletVersionInfo>
  <com.dotmarketing.portlets.contentlet.model.ContentletVersionInfo>
    <identifier>28cce5b4-d65e-4779-ab89-1294d26fd037</identifier>
    <liveInode>c494dec9-f413-4c82-b977-98580d363045</liveInode>
    <workingInode>c494dec9-f413-4c82-b977-98580d363045</workingInode>
    <lockedOn class="sql-timestamp">2019-04-02 20:30:37.497</lockedOn>
    <deleted>false</deleted>
    <versionTs class="sql-timestamp">2019-04-02 20:30:41.878</versionTs>
    <lang>1</lang>
  </com.dotmarketing.portlets.contentlet.model.ContentletVersionInfo>
  <com.dotmarketing.portlets.contentlet.model.ContentletVersionInfo>
    <identifier>2d666d64-0974-417b-82e4-bd5bd5e8be2e</identifier>
    <liveInode>84d787c5-ab96-4888-9c6a-7654772031d8</liveInode>
    <workingInode>84d787c5-ab96-4888-9c6a-7654772031d8</workingInode>
    <lockedOn class="sql-timestamp">2019-04-02 20:31:07.149</lockedOn>
    <deleted>false</deleted>
    <versionTs class="sql-timestamp">2019-04-02 20:31:07.496</versionTs>
    <lang>1</lang>
  </com.dotmarketing.portlets.contentlet.model.ContentletVersionInfo>
  <com.dotmarketing.portlets.contentlet.model.ContentletVersionInfo>
    <identifier>3d71a26f-8a99-46c0-807d-57cb10dd804e</identifier>
    <liveInode>d268380a-ed17-4eaa-9e55-4b4ec81ed4b1</liveInode>
    <workingInode>d268380a-ed17-4eaa-9e55-4b4ec81ed4b1</workingInode>
    <lockedOn class="sql-timestamp">2019-04-02 20:30:38.482</lockedOn>
    <deleted>false</deleted>
    <versionTs class="sql-timestamp">2019-04-02 20:30:43.326</versionTs>
    <lang>1</lang>
  </com.dotmarketing.portlets.contentlet.model.ContentletVersionInfo>
  <com.dotmarketing.portlets.contentlet.model.ContentletVersionInfo>
    <identifier>5253453d-d527-4b6e-a46a-93800e00357e</identifier>
    <liveInode>6019e923-ba2e-4772-aa9c-858cf0006a49</liveInode>
    <workingInode>6019e923-ba2e-4772-aa9c-858cf0006a49</workingInode>
    <lockedOn class="sql-timestamp">2019-04-02 20:31:08.845</lockedOn>
    <deleted>false</deleted>
    <versionTs class="sql-timestamp">2019-04-02 20:31:09.291</versionTs>
    <lang>1</lang>
  </com.dotmarketing.portlets.contentlet.model.ContentletVersionInfo>
  <com.dotmarketing.portlets.contentlet.model.ContentletVersionInfo>
    <identifier>542bb04e-0bb4-4cba-949d-a9e7a2b7072e</identifier>
    <liveInode>0694fb50-7eaf-4aa8-8d2c-c35545851592</liveInode>
    <workingInode>0694fb50-7eaf-4aa8-8d2c-c35545851592</workingInode>
    <lockedOn class="sql-timestamp">2019-04-02 20:30:36.043</lockedOn>
    <deleted>false</deleted>
    <versionTs class="sql-timestamp">2019-04-02 20:30:40.317</versionTs>
    <lang>1</lang>
  </com.dotmarketing.portlets.contentlet.model.ContentletVersionInfo>
  <com.dotmarketing.portlets.contentlet.model.ContentletVersionInfo>
    <identifier>6b479ac4-7f31-42a7-9ff8-0f6e63d2e9fd</identifier>
    <liveInode>cc680207-60b9-4715-b472-a7ab95e6296a</liveInode>
    <workingInode>cc680207-60b9-4715-b472-a7ab95e6296a</workingInode>
    <lockedOn class="sql-timestamp">2019-04-02 20:30:57.134</lockedOn>
    <deleted>false</deleted>
    <versionTs class="sql-timestamp">2019-04-02 20:30:57.48</versionTs>
    <lang>1</lang>
  </com.dotmarketing.portlets.contentlet.model.ContentletVersionInfo>
  <com.dotmarketing.portlets.contentlet.model.ContentletVersionInfo>
    <identifier>8a7d5e23-da1e-420a-b4f0-471e7da8ea2d</identifier>
    <liveInode>9b477a15-5ea4-4727-8b2b-034a862d87e4</liveInode>
    <workingInode>9b477a15-5ea4-4727-8b2b-034a862d87e4</workingInode>
    <lockedBy>dotcms.org.1</lockedBy>
    <lockedOn class="sql-timestamp">2017-12-05 18:37:15.0</lockedOn>
    <deleted>false</deleted>
    <versionTs class="sql-timestamp">2017-12-05 18:37:15.0</versionTs>
    <lang>1</lang>
  </com.dotmarketing.portlets.contentlet.model.ContentletVersionInfo>
  <com.dotmarketing.portlets.contentlet.model.ContentletVersionInfo>
    <identifier>SYSTEM_HOST</identifier>
    <liveInode>dbdec5e2-c02b-4cfb-83a9-4a4c4f3b2eb0</liveInode>
    <workingInode>dbdec5e2-c02b-4cfb-83a9-4a4c4f3b2eb0</workingInode>
    <lockedOn class="sql-timestamp">2012-06-07 05:46:26.0</lockedOn>
    <deleted>false</deleted>
    <versionTs class="sql-timestamp">2017-03-07 13:25:58.0</versionTs>
    <lang>1</lang>
  </com.dotmarketing.portlets.contentlet.model.ContentletVersionInfo>
  <com.dotmarketing.portlets.contentlet.model.ContentletVersionInfo>
    <identifier>a29ea952-36a9-429d-b177-e27e2be5ace6</identifier>
    <liveInode>ba8bd57a-4359-41cd-b6d7-1916b75e98aa</liveInode>
    <workingInode>ba8bd57a-4359-41cd-b6d7-1916b75e98aa</workingInode>
    <lockedOn class="sql-timestamp">2019-04-02 20:31:08.02</lockedOn>
    <deleted>false</deleted>
    <versionTs class="sql-timestamp">2019-04-02 20:31:08.353</versionTs>
    <lang>1</lang>
  </com.dotmarketing.portlets.contentlet.model.ContentletVersionInfo>
  <com.dotmarketing.portlets.contentlet.model.ContentletVersionInfo>
    <identifier>a8eab34e-bf4a-436e-8dc2-aa8adcd07bc9</identifier>
    <liveInode>4422d3f1-f794-427d-ba4c-17be69bb29b2</liveInode>
    <workingInode>4422d3f1-f794-427d-ba4c-17be69bb29b2</workingInode>
    <lockedOn class="sql-timestamp">2019-04-02 20:30:57.836</lockedOn>
    <deleted>false</deleted>
    <versionTs class="sql-timestamp">2019-04-02 20:30:58.782</versionTs>
    <lang>1</lang>
  </com.dotmarketing.portlets.contentlet.model.ContentletVersionInfo>
  <com.dotmarketing.portlets.contentlet.model.ContentletVersionInfo>
    <identifier>c288276f-67f4-46b7-b29a-84390b0bb2db</identifier>
    <liveInode>59d4198e-aed8-4c8d-8a46-d5276f54bb8a</liveInode>
    <workingInode>59d4198e-aed8-4c8d-8a46-d5276f54bb8a</workingInode>
    <lockedOn class="sql-timestamp">2019-04-02 20:31:10.403</lockedOn>
    <deleted>false</deleted>
    <versionTs class="sql-timestamp">2019-04-02 20:31:10.692</versionTs>
    <lang>1</lang>
  </com.dotmarketing.portlets.contentlet.model.ContentletVersionInfo>
</list>