<list>
  <com.dotmarketing.portlets.contentlet.model.ContentletVersionInfo>
    <identifier>8a7d5e23-da1e-420a-b4f0-471e7da8ea2d</identifier>
    <deleted>false</deleted>
    <lockedBy>dotcms.org.1</lockedBy>
    <lockedOn class="sql-timestamp">2017-12-05 18:37:15.0</lockedOn>
    <lang>1</lang>
    <workingInode>9b477a15-5ea4-4727-8b2b-034a862d87e4</workingInode>
    <liveInode>9b477a15-5ea4-4727-8b2b-034a862d87e4</liveInode>
    <versionTs class="sql-timestamp">2017-12-05 18:37:15.0</versionTs>
  </com.dotmarketing.portlets.contentlet.model.ContentletVersionInfo>
  <com.dotmarketing.portlets.contentlet.model.ContentletVersionInfo>
    <identifier>SYSTEM_HOST</identifier>
    <deleted>false</deleted>
    <lockedOn class="sql-timestamp">2012-06-07 05:46:26.0</lockedOn>
    <lang>1</lang>
    <workingInode>dbdec5e2-c02b-4cfb-83a9-4a4c4f3b2eb0</workingInode>
    <liveInode>dbdec5e2-c02b-4cfb-83a9-4a4c4f3b2eb0</liveInode>
    <versionTs class="sql-timestamp">2017-03-07 13:25:58.0</versionTs>
  </com.dotmarketing.portlets.contentlet.model.ContentletVersionInfo>
</list>