<list>
  <com.dotmarketing.beans.Permission>
    <id>1</id>
    <inode>f0f370ae-51c6-4be0-b48d-37ee098ca45b</inode>
    <roleId>654b0931-1027-41f7-ad4d-173115ed8ec1</roleId>
    <permission>1</permission>
    <isBitPermission>false</isBitPermission>
    <type>individual</type>
  </com.dotmarketing.beans.Permission>
  <com.dotmarketing.beans.Permission>
    <id>2</id>
    <inode>44d4d4cd-c812-49db-adb1-1030be73e69a</inode>
    <roleId>654b0931-1027-41f7-ad4d-173115ed8ec1</roleId>
    <permission>1</permission>
    <isBitPermission>false</isBitPermission>
    <type>individual</type>
  </com.dotmarketing.beans.Permission>
  <com.dotmarketing.beans.Permission>
    <id>3</id>
    <inode>c8a03c24-277a-49a5-b5e0-7f99490a004d</inode>
    <roleId>654b0931-1027-41f7-ad4d-173115ed8ec1</roleId>
    <permission>1</permission>
    <isBitPermission>false</isBitPermission>
    <type>individual</type>
  </com.dotmarketing.beans.Permission>
  <com.dotmarketing.beans.Permission>
    <id>4</id>
    <inode>ced34d22-b1ed-4a6e-a89b-e5f93192cc3f</inode>
    <roleId>654b0931-1027-41f7-ad4d-173115ed8ec1</roleId>
    <permission>1</permission>
    <isBitPermission>false</isBitPermission>
    <type>individual</type>
  </com.dotmarketing.beans.Permission>
</list>