<list>
  <com.dotmarketing.portlets.categories.model.Category>
    <iDate class="sql-timestamp">2011-11-17 18:57:07.0</iDate>
    <type>category</type>
    <owner></owner>
    <inode>375341a2-0912-422f-b903-2602b6105c70</inode>
    <categoryName>Event Types</categoryName>
    <key>event</key>
    <sortOrder>0</sortOrder>
    <active>true</active>
    <categoryVelocityVarName>eventTypes</categoryVelocityVarName>
    <modDate class="sql-timestamp">2014-03-21 14:11:18.0</modDate>
  </com.dotmarketing.portlets.categories.model.Category>
</list>