<list>
  <map>
    <entry>
      <string>currentid</string>
      <string>3</string>
    </entry>
    <entry>
      <string>name</string>
      <string>com.liferay.portal.model.User.dotcms.org</string>
    </entry>
    <entry>
      <string>rownumber</string>
      <string>0</string>
    </entry>
    <entry>
      <string>oddoreven</string>
      <string>0</string>
    </entry>
  </map>
  <map>
    <entry>
      <string>currentid</string>
      <string>1</string>
    </entry>
    <entry>
      <string>name</string>
      <string>com.liferay.portlet.admin.model.AdminConfig</string>
    </entry>
    <entry>
      <string>rownumber</string>
      <string>1</string>
    </entry>
    <entry>
      <string>oddoreven</string>
      <string>1</string>
    </entry>
  </map>
</list>