[ {
  "contentType" : {
    "clazz" : "com.dotcms.contenttype.model.type.ImmutableFileAssetContentType",
    "name" : "File Asset",
    "id" : "33888b6f-7a8e-4069-b1b6-5c1aa9d0a48d",
    "description" : "Default structure for all uploaded files",
    "defaultType" : false,
    "fixed" : true,
    "iDate" : 1323987554000,
    "system" : false,
    "versionable" : true,
    "multilingualable" : false,
    "variable" : "FileAsset",
    "owner" : "system",
    "modDate" : 1512571210000,
    "host" : "SYSTEM_HOST",
    "folder" : "SYSTEM_FOLDER"
  },
  "fields" : [ {
    "clazz" : "com.dotcms.contenttype.model.field.ImmutableHostFolderField",
    "indexed" : true,
    "dataType" : "TEXT",
    "searchable" : true,
    "unique" : false,
    "listed" : false,
    "readOnly" : false,
    "id" : "9e194425-7cea-45b1-81b9-aa53b4f9641e",
    "modDate" : 1512571210000,
    "name" : "Host Or Folder",
    "required" : true,
    "variable" : "hostFolder",
    "sortOrder" : 1,
    "fixed" : true,
    "contentTypeId" : "33888b6f-7a8e-4069-b1b6-5c1aa9d0a48d",
    "dbColumn" : "text1",
    "iDate" : 1323987555000
  }, {
    "clazz" : "com.dotcms.contenttype.model.field.ImmutableTextField",
    "dataType" : "TEXT",
    "searchable" : true,
    "unique" : false,
    "indexed" : true,
    "listed" : true,
    "readOnly" : true,
    "id" : "f07d5eeb-609c-414a-83c7-948fce643e99",
    "modDate" : 1512571210000,
    "name" : "File Name",
    "required" : false,
    "variable" : "fileName",
    "sortOrder" : 2,
    "fixed" : true,
    "contentTypeId" : "33888b6f-7a8e-4069-b1b6-5c1aa9d0a48d",
    "dbColumn" : "text3",
    "iDate" : 1323987555000
  }, {
    "clazz" : "com.dotcms.contenttype.model.field.ImmutableBinaryField",
    "dataType" : "SYSTEM",
    "searchable" : false,
    "unique" : false,
    "indexed" : false,
    "listed" : false,
    "readOnly" : false,
    "id" : "468512c0-423e-4f1a-b94c-7cf8b064260a",
    "modDate" : 1512571210000,
    "name" : "File Asset",
    "required" : true,
    "variable" : "fileAsset",
    "sortOrder" : 3,
    "fixed" : true,
    "contentTypeId" : "33888b6f-7a8e-4069-b1b6-5c1aa9d0a48d",
    "dbColumn" : "system_field",
    "iDate" : 1323987555000
  }, {
    "clazz" : "com.dotcms.contenttype.model.field.ImmutableTextField",
    "dataType" : "TEXT",
    "searchable" : true,
    "unique" : false,
    "indexed" : true,
    "listed" : false,
    "readOnly" : false,
    "id" : "f49faf40-ae06-48b4-8801-cf169c9d2eb7",
    "modDate" : 1512571210000,
    "name" : "Title",
    "required" : true,
    "variable" : "title",
    "sortOrder" : 4,
    "fixed" : true,
    "contentTypeId" : "33888b6f-7a8e-4069-b1b6-5c1aa9d0a48d",
    "dbColumn" : "text2",
    "iDate" : 1323987555000
  }, {
    "clazz" : "com.dotcms.contenttype.model.field.ImmutableTabDividerField",
    "fieldContentTypeProperties" : [ ],
    "dataType" : "SYSTEM",
    "searchable" : false,
    "unique" : false,
    "indexed" : false,
    "listed" : false,
    "readOnly" : false,
    "id" : "3bceabd2-a59d-4ad7-86f2-b557bfc205bb",
    "modDate" : 1512571210000,
    "name" : "Metadata",
    "required" : false,
    "variable" : "MetadataTab",
    "sortOrder" : 5,
    "fixed" : false,
    "contentTypeId" : "33888b6f-7a8e-4069-b1b6-5c1aa9d0a48d",
    "dbColumn" : "system_field",
    "iDate" : 1323987555000
  }, {
    "clazz" : "com.dotcms.contenttype.model.field.ImmutableKeyValueField",
    "indexed" : true,
    "dataType" : "LONG_TEXT",
    "searchable" : true,
    "unique" : false,
    "listed" : false,
    "readOnly" : true,
    "id" : "c6960e09-8eb1-431e-8a5d-fa22d91cd6f1",
    "modDate" : 1512571210000,
    "name" : "Metadata",
    "required" : false,
    "variable" : "metaData",
    "sortOrder" : 6,
    "fixed" : true,
    "contentTypeId" : "33888b6f-7a8e-4069-b1b6-5c1aa9d0a48d",
    "dbColumn" : "text_area1",
    "iDate" : 1323987555000
  }, {
    "clazz" : "com.dotcms.contenttype.model.field.ImmutableCheckboxField",
    "dataType" : "TEXT",
    "searchable" : false,
    "unique" : false,
    "indexed" : true,
    "listed" : false,
    "readOnly" : false,
    "id" : "b889dbf8-5e2c-4537-9f2b-024892cf2928",
    "modDate" : 1512571210000,
    "name" : "Show On Menu",
    "required" : false,
    "variable" : "showOnMenu",
    "sortOrder" : 7,
    "values" : "|true",
    "defaultValue" : "false",
    "fixed" : true,
    "contentTypeId" : "33888b6f-7a8e-4069-b1b6-5c1aa9d0a48d",
    "dbColumn" : "text4",
    "iDate" : 1323987555000
  }, {
    "clazz" : "com.dotcms.contenttype.model.field.ImmutableTextField",
    "dataType" : "INTEGER",
    "searchable" : false,
    "unique" : false,
    "indexed" : true,
    "listed" : false,
    "readOnly" : false,
    "id" : "46c9ead3-f501-42ca-9ac6-289ef109809f",
    "modDate" : 1512571210000,
    "name" : "Sort Order",
    "required" : false,
    "variable" : "sortOrder",
    "sortOrder" : 8,
    "defaultValue" : "0",
    "fixed" : true,
    "contentTypeId" : "33888b6f-7a8e-4069-b1b6-5c1aa9d0a48d",
    "dbColumn" : "integer1",
    "iDate" : 1323987555000
  }, {
    "clazz" : "com.dotcms.contenttype.model.field.ImmutableTextField",
    "dataType" : "TEXT",
    "searchable" : false,
    "unique" : false,
    "indexed" : true,
    "listed" : false,
    "readOnly" : false,
    "id" : "280f79fd-2c84-4840-8672-0651558974bd",
    "modDate" : 1512571210000,
    "name" : "Description",
    "required" : false,
    "variable" : "description",
    "sortOrder" : 9,
    "fixed" : true,
    "contentTypeId" : "33888b6f-7a8e-4069-b1b6-5c1aa9d0a48d",
    "dbColumn" : "text5",
    "iDate" : 1323987555000
  } ],
  "fieldVariables" : [ ]
}, {
  "contentType" : {
    "clazz" : "com.dotcms.contenttype.model.type.ImmutableWidgetContentType",
    "multilingualable" : false,
    "name" : "Forms",
    "id" : "4d21b6d8-1711-4ae6-9419-89e2b1ae5a06",
    "description" : "Forms",
    "defaultType" : false,
    "fixed" : true,
    "iDate" : 1386212452000,
    "system" : true,
    "versionable" : true,
    "variable" : "forms",
    "owner" : "system",
    "modDate" : 1512571210000,
    "host" : "SYSTEM_HOST",
    "folder" : "SYSTEM_FOLDER"
  },
  "fields" : [ {
    "clazz" : "com.dotcms.contenttype.model.field.ImmutableTextField",
    "dataType" : "TEXT",
    "searchable" : true,
    "unique" : false,
    "indexed" : true,
    "listed" : true,
    "readOnly" : false,
    "id" : "31519868-f318-4447-88e7-0ffc2fe4b2cd",
    "modDate" : 1512571210000,
    "name" : "Form ID",
    "required" : true,
    "variable" : "formId",
    "sortOrder" : 1,
    "fixed" : true,
    "contentTypeId" : "4d21b6d8-1711-4ae6-9419-89e2b1ae5a06",
    "dbColumn" : "text1",
    "iDate" : 1311024265000
  }, {
    "clazz" : "com.dotcms.contenttype.model.field.ImmutableTextField",
    "dataType" : "TEXT",
    "searchable" : true,
    "unique" : false,
    "indexed" : true,
    "listed" : true,
    "readOnly" : false,
    "id" : "8859f1ed-84ad-4105-acda-5d5d29553d9b",
    "modDate" : 1512571210000,
    "name" : "Widget Title",
    "required" : true,
    "variable" : "widgetTitle",
    "sortOrder" : 1,
    "fixed" : true,
    "contentTypeId" : "4d21b6d8-1711-4ae6-9419-89e2b1ae5a06",
    "dbColumn" : "text3",
    "iDate" : 1497472233000
  }, {
    "clazz" : "com.dotcms.contenttype.model.field.ImmutableConstantField",
    "dataType" : "SYSTEM",
    "searchable" : true,
    "unique" : false,
    "indexed" : true,
    "listed" : false,
    "readOnly" : true,
    "id" : "d12a2a4f-45f1-4194-95e3-338865e7afde",
    "modDate" : 1512571210000,
    "name" : "Widget Usage",
    "required" : false,
    "variable" : "widgetUsage",
    "sortOrder" : 2,
    "fixed" : true,
    "contentTypeId" : "4d21b6d8-1711-4ae6-9419-89e2b1ae5a06",
    "dbColumn" : "system_field",
    "iDate" : 1497472233000
  }, {
    "clazz" : "com.dotcms.contenttype.model.field.ImmutableTextAreaField",
    "dataType" : "TEXT",
    "searchable" : true,
    "unique" : false,
    "indexed" : true,
    "listed" : false,
    "readOnly" : false,
    "id" : "4e20dfbc-3952-4ca6-b2b6-b40aad8dc42d",
    "modDate" : 1512571210000,
    "name" : "Widget Code",
    "required" : true,
    "variable" : "widgetCode",
    "sortOrder" : 3,
    "defaultValue" : "#submitContent(\"${formId}\")",
    "fixed" : true,
    "contentTypeId" : "4d21b6d8-1711-4ae6-9419-89e2b1ae5a06",
    "dbColumn" : "text2",
    "iDate" : 1311024265000
  }, {
    "clazz" : "com.dotcms.contenttype.model.field.ImmutableConstantField",
    "dataType" : "SYSTEM",
    "searchable" : true,
    "unique" : false,
    "indexed" : true,
    "listed" : false,
    "readOnly" : true,
    "id" : "6b33d6be-d197-4f9e-8fc3-d20d36e08c75",
    "modDate" : 1512571210000,
    "name" : "Widget Pre-Execute",
    "required" : false,
    "variable" : "widgetPreexecute",
    "sortOrder" : 4,
    "fixed" : true,
    "contentTypeId" : "4d21b6d8-1711-4ae6-9419-89e2b1ae5a06",
    "dbColumn" : "system_field",
    "iDate" : 1497472233000
  } ],
  "fieldVariables" : [ ]
}, {
  "contentType" : {
    "clazz" : "com.dotcms.contenttype.model.type.ImmutableSimpleContentType",
    "name" : "Comments",
    "id" : "a007def2-896d-4fd1-843b-d3abb5305f3f",
    "description" : "Comments structure for all content",
    "defaultType" : false,
    "fixed" : true,
    "iDate" : 1386211300000,
    "system" : false,
    "versionable" : true,
    "multilingualable" : false,
    "variable" : "Comments",
    "modDate" : 1512571211000,
    "host" : "SYSTEM_HOST",
    "folder" : "SYSTEM_FOLDER"
  },
  "fields" : [ {
    "clazz" : "com.dotcms.contenttype.model.field.ImmutableTextField",
    "dataType" : "TEXT",
    "searchable" : false,
    "unique" : false,
    "indexed" : true,
    "listed" : true,
    "readOnly" : false,
    "id" : "b6ac789e-6c04-4aa4-92d0-b5348b1341cd",
    "modDate" : 1512571210000,
    "name" : "Title",
    "required" : true,
    "variable" : "title",
    "sortOrder" : 0,
    "fixed" : true,
    "contentTypeId" : "a007def2-896d-4fd1-843b-d3abb5305f3f",
    "dbColumn" : "text1",
    "iDate" : 1309876071000
  }, {
    "clazz" : "com.dotcms.contenttype.model.field.ImmutableTextField",
    "dataType" : "TEXT",
    "searchable" : false,
    "unique" : false,
    "indexed" : false,
    "listed" : false,
    "readOnly" : false,
    "id" : "00c65b24-8f22-44d9-a36f-2eaf7a1ee839",
    "modDate" : 1512571210000,
    "name" : "UserId",
    "required" : false,
    "variable" : "userid",
    "sortOrder" : 2,
    "fixed" : true,
    "contentTypeId" : "a007def2-896d-4fd1-843b-d3abb5305f3f",
    "dbColumn" : "text2",
    "iDate" : 1309876071000
  }, {
    "clazz" : "com.dotcms.contenttype.model.field.ImmutableTextField",
    "dataType" : "TEXT",
    "searchable" : false,
    "unique" : false,
    "indexed" : false,
    "listed" : false,
    "readOnly" : false,
    "id" : "e663f6bc-c6c4-4676-8be4-fa71fdb0cdd3",
    "modDate" : 1512571210000,
    "name" : "Author",
    "required" : false,
    "variable" : "author",
    "sortOrder" : 3,
    "fixed" : true,
    "contentTypeId" : "a007def2-896d-4fd1-843b-d3abb5305f3f",
    "dbColumn" : "text3",
    "iDate" : 1309876071000
  }, {
    "clazz" : "com.dotcms.contenttype.model.field.ImmutableTextField",
    "dataType" : "TEXT",
    "searchable" : false,
    "unique" : false,
    "indexed" : true,
    "listed" : true,
    "readOnly" : false,
    "id" : "fe73df6d-9b92-4120-862e-c48c0a2a812d",
    "modDate" : 1512571210000,
    "name" : "Email",
    "required" : true,
    "variable" : "email",
    "sortOrder" : 4,
    "fixed" : true,
    "contentTypeId" : "a007def2-896d-4fd1-843b-d3abb5305f3f",
    "dbColumn" : "text4",
    "iDate" : 1309876071000
  }, {
    "clazz" : "com.dotcms.contenttype.model.field.ImmutableTextField",
    "dataType" : "TEXT",
    "searchable" : false,
    "unique" : false,
    "indexed" : false,
    "listed" : false,
    "readOnly" : false,
    "id" : "303af3a6-1250-432c-b300-0e073f60c3a3",
    "modDate" : 1512571210000,
    "name" : "Website",
    "required" : false,
    "variable" : "website",
    "sortOrder" : 5,
    "fixed" : true,
    "contentTypeId" : "a007def2-896d-4fd1-843b-d3abb5305f3f",
    "dbColumn" : "text5",
    "iDate" : 1309876071000
  }, {
    "clazz" : "com.dotcms.contenttype.model.field.ImmutableWysiwygField",
    "dataType" : "LONG_TEXT",
    "searchable" : false,
    "unique" : false,
    "indexed" : true,
    "listed" : false,
    "readOnly" : false,
    "id" : "e2b867d4-f15d-46cf-904e-a537cc2df541",
    "modDate" : 1512571210000,
    "name" : "Comment",
    "required" : true,
    "variable" : "comment",
    "sortOrder" : 6,
    "fixed" : true,
    "contentTypeId" : "a007def2-896d-4fd1-843b-d3abb5305f3f",
    "dbColumn" : "text_area1",
    "iDate" : 1309876071000
  }, {
    "clazz" : "com.dotcms.contenttype.model.field.ImmutableRadioField",
    "dataType" : "TEXT",
    "searchable" : false,
    "unique" : false,
    "indexed" : false,
    "listed" : false,
    "readOnly" : false,
    "id" : "36d16a40-2ec2-474e-a1cd-c35786a8284b",
    "modDate" : 1512571211000,
    "name" : "Email Response",
    "required" : false,
    "variable" : "emailResponse",
    "sortOrder" : 7,
    "values" : "Yes|yes\r\nNo|no",
    "fixed" : true,
    "contentTypeId" : "a007def2-896d-4fd1-843b-d3abb5305f3f",
    "dbColumn" : "text6",
    "iDate" : 1309876071000
  }, {
    "clazz" : "com.dotcms.contenttype.model.field.ImmutableTextField",
    "dataType" : "TEXT",
    "searchable" : false,
    "unique" : false,
    "indexed" : false,
    "listed" : false,
    "readOnly" : false,
    "id" : "71f3043a-d1c1-4d71-b37a-787334117b2a",
    "modDate" : 1512571211000,
    "name" : "IP Address",
    "required" : false,
    "variable" : "ipAddress",
    "sortOrder" : 8,
    "fixed" : true,
    "contentTypeId" : "a007def2-896d-4fd1-843b-d3abb5305f3f",
    "dbColumn" : "text7",
    "iDate" : 1309876071000
  }, {
    "clazz" : "com.dotcms.contenttype.model.field.ImmutableDateTimeField",
    "dataType" : "DATE",
    "searchable" : false,
    "unique" : false,
    "indexed" : true,
    "listed" : false,
    "readOnly" : false,
    "id" : "2765c954-702c-4999-a2f2-e8a3de2239d7",
    "modDate" : 1512571211000,
    "name" : "DatePublished",
    "required" : false,
    "variable" : "datePublished",
    "sortOrder" : 9,
    "fixed" : true,
    "contentTypeId" : "a007def2-896d-4fd1-843b-d3abb5305f3f",
    "dbColumn" : "date1",
    "iDate" : 1309876071000
  }, {
    "clazz" : "com.dotcms.contenttype.model.field.ImmutableTextField",
    "dataType" : "INTEGER",
    "searchable" : true,
    "unique" : false,
    "indexed" : true,
    "listed" : false,
    "readOnly" : false,
    "id" : "1700770a-7f33-4bb3-9ac3-f053da7c42c8",
    "modDate" : 1512571211000,
    "name" : "CommentsCount",
    "required" : false,
    "variable" : "commentscount",
    "sortOrder" : 2147483647,
    "values" : "0",
    "defaultValue" : "0",
    "fixed" : true,
    "contentTypeId" : "a007def2-896d-4fd1-843b-d3abb5305f3f",
    "dbColumn" : "integer1",
    "iDate" : 1309889161000
  } ],
  "fieldVariables" : [ ]
}, {
  "contentType" : {
    "clazz" : "com.dotcms.contenttype.model.type.ImmutablePageContentType",
    "name" : "Page Asset",
    "id" : "c541abb1-69b3-4bc5-8430-5e09e5239cc8",
    "description" : "Default Structure for Pages",
    "defaultType" : false,
    "fixed" : true,
    "iDate" : 1432826794000,
    "system" : false,
    "versionable" : true,
    "multilingualable" : false,
    "variable" : "htmlpageasset",
    "owner" : "system",
    "modDate" : 1512571212000,
    "host" : "SYSTEM_HOST",
    "folder" : "SYSTEM_FOLDER"
  },
  "fields" : [ {
    "clazz" : "com.dotcms.contenttype.model.field.ImmutableCustomField",
    "dataType" : "TEXT",
    "searchable" : true,
    "unique" : false,
    "indexed" : true,
    "listed" : true,
    "readOnly" : false,
    "id" : "c623cd2f-6653-47d8-9825-1153061ea088",
    "modDate" : 1512571212000,
    "name" : "Title",
    "required" : true,
    "variable" : "title",
    "sortOrder" : 1,
    "values" : "$velutil.mergeTemplate('/static/htmlpage_assets/title_custom_field.vtl')",
    "fixed" : true,
    "contentTypeId" : "c541abb1-69b3-4bc5-8430-5e09e5239cc8",
    "dbColumn" : "text1",
    "iDate" : 1421416266000
  }, {
    "clazz" : "com.dotcms.contenttype.model.field.ImmutableTextField",
    "dataType" : "TEXT",
    "searchable" : true,
    "unique" : false,
    "indexed" : true,
    "listed" : true,
    "readOnly" : false,
    "id" : "a1bfbb4f-b78b-4197-94e7-917f4e812043",
    "modDate" : 1512571212000,
    "name" : "Url",
    "required" : true,
    "variable" : "url",
    "sortOrder" : 2,
    "fixed" : true,
    "contentTypeId" : "c541abb1-69b3-4bc5-8430-5e09e5239cc8",
    "dbColumn" : "text3",
    "iDate" : 1421416266000
  }, {
    "clazz" : "com.dotcms.contenttype.model.field.ImmutableHostFolderField",
    "indexed" : true,
    "dataType" : "TEXT",
    "searchable" : true,
    "unique" : false,
    "listed" : false,
    "readOnly" : false,
    "id" : "23b5f1be-935e-442e-be48-1cf2d1c96d71",
    "modDate" : 1512571212000,
    "name" : "Host or Folder",
    "required" : true,
    "variable" : "hostFolder",
    "sortOrder" : 3,
    "fixed" : true,
    "contentTypeId" : "c541abb1-69b3-4bc5-8430-5e09e5239cc8",
    "dbColumn" : "text2",
    "iDate" : 1421416266000
  }, {
    "clazz" : "com.dotcms.contenttype.model.field.ImmutableCustomField",
    "dataType" : "TEXT",
    "searchable" : true,
    "unique" : false,
    "indexed" : true,
    "listed" : false,
    "readOnly" : false,
    "id" : "bf73876b-8517-4123-a0ec-d862ba6e8797",
    "modDate" : 1512571212000,
    "name" : "Template",
    "required" : true,
    "variable" : "template",
    "sortOrder" : 4,
    "values" : "$velutil.mergeTemplate('/static/htmlpage_assets/template_custom_field.vtl')",
    "fixed" : true,
    "contentTypeId" : "c541abb1-69b3-4bc5-8430-5e09e5239cc8",
    "dbColumn" : "text5",
    "iDate" : 1421416266000
  }, {
    "clazz" : "com.dotcms.contenttype.model.field.ImmutableTextField",
    "dataType" : "TEXT",
    "searchable" : true,
    "unique" : false,
    "indexed" : true,
    "listed" : false,
    "readOnly" : false,
    "id" : "d8a7431e-140d-4076-bf07-17fdfad6a14e",
    "modDate" : 1512571212000,
    "name" : "Friendly Name",
    "required" : true,
    "variable" : "friendlyname",
    "sortOrder" : 5,
    "fixed" : true,
    "contentTypeId" : "c541abb1-69b3-4bc5-8430-5e09e5239cc8",
    "dbColumn" : "text7",
    "iDate" : 1421416266000
  }, {
    "clazz" : "com.dotcms.contenttype.model.field.ImmutableCheckboxField",
    "dataType" : "TEXT",
    "searchable" : false,
    "unique" : false,
    "indexed" : true,
    "listed" : false,
    "readOnly" : false,
    "id" : "99ac031c-7d72-4b08-bedd-37a71b594950",
    "modDate" : 1512571212000,
    "name" : "Show on Menu",
    "required" : false,
    "variable" : "showOnMenu",
    "sortOrder" : 6,
    "values" : "|true",
    "defaultValue" : "false",
    "fixed" : true,
    "contentTypeId" : "c541abb1-69b3-4bc5-8430-5e09e5239cc8",
    "dbColumn" : "text6",
    "iDate" : 1421416266000
  }, {
    "clazz" : "com.dotcms.contenttype.model.field.ImmutableTextField",
    "dataType" : "INTEGER",
    "searchable" : true,
    "unique" : false,
    "indexed" : true,
    "listed" : false,
    "readOnly" : false,
    "id" : "1677ca4f-e46f-449f-ae59-4952fb567e5e",
    "modDate" : 1512571212000,
    "name" : "Sort Order",
    "required" : true,
    "variable" : "sortOrder",
    "sortOrder" : 7,
    "defaultValue" : "0",
    "fixed" : true,
    "contentTypeId" : "c541abb1-69b3-4bc5-8430-5e09e5239cc8",
    "dbColumn" : "integer1",
    "iDate" : 1421416266000
  }, {
    "clazz" : "com.dotcms.contenttype.model.field.ImmutableCustomField",
    "dataType" : "TEXT",
    "searchable" : true,
    "unique" : false,
    "indexed" : true,
    "listed" : false,
    "readOnly" : false,
    "id" : "e633ab20-0aa1-4ed1-b052-82a711af61df",
    "modDate" : 1512571212000,
    "name" : "Cache TTL",
    "required" : true,
    "variable" : "cachettl",
    "sortOrder" : 8,
    "values" : "$velutil.mergeTemplate('/static/htmlpage_assets/cachettl_custom_field.vtl')",
    "regexCheck" : "^[0-9]+$",
    "fixed" : true,
    "contentTypeId" : "c541abb1-69b3-4bc5-8430-5e09e5239cc8",
    "dbColumn" : "text4",
    "iDate" : 1421416266000
  }, {
    "clazz" : "com.dotcms.contenttype.model.field.ImmutableTabDividerField",
    "fieldContentTypeProperties" : [ ],
    "dataType" : "SYSTEM",
    "searchable" : false,
    "unique" : false,
    "indexed" : false,
    "listed" : false,
    "readOnly" : false,
    "id" : "1aa4bbc6-d30e-4b43-8f13-d6e8f2a58a52",
    "modDate" : 1512571212000,
    "name" : "Advanced Properties",
    "required" : false,
    "variable" : "advancedtab",
    "sortOrder" : 9,
    "fixed" : false,
    "contentTypeId" : "c541abb1-69b3-4bc5-8430-5e09e5239cc8",
    "dbColumn" : "system_field",
    "iDate" : 1421416266000
  }, {
    "clazz" : "com.dotcms.contenttype.model.field.ImmutableCustomField",
    "dataType" : "TEXT",
    "searchable" : true,
    "unique" : false,
    "indexed" : true,
    "listed" : false,
    "readOnly" : false,
    "id" : "ba99667c-87be-44cd-82b6-4aa7bb157ac7",
    "modDate" : 1512571212000,
    "name" : "Redirect Url",
    "required" : false,
    "variable" : "redirecturl",
    "sortOrder" : 10,
    "values" : "$velutil.mergeTemplate('/static/htmlpage_assets/redirect_custom_field.vtl')",
    "fixed" : true,
    "contentTypeId" : "c541abb1-69b3-4bc5-8430-5e09e5239cc8",
    "dbColumn" : "text8",
    "iDate" : 1421416266000
  }, {
    "clazz" : "com.dotcms.contenttype.model.field.ImmutableCheckboxField",
    "dataType" : "TEXT",
    "searchable" : false,
    "unique" : false,
    "indexed" : true,
    "listed" : false,
    "readOnly" : false,
    "id" : "b0d65eee-b050-4fa2-bcf6-4016dc4e20af",
    "modDate" : 1512571212000,
    "name" : "HTTPS Required",
    "required" : false,
    "variable" : "httpsreq",
    "sortOrder" : 11,
    "values" : "|true",
    "defaultValue" : "false",
    "fixed" : true,
    "contentTypeId" : "c541abb1-69b3-4bc5-8430-5e09e5239cc8",
    "dbColumn" : "text9",
    "iDate" : 1421416266000
  }, {
    "clazz" : "com.dotcms.contenttype.model.field.ImmutableTextAreaField",
    "dataType" : "LONG_TEXT",
    "searchable" : true,
    "unique" : false,
    "indexed" : true,
    "listed" : false,
    "readOnly" : false,
    "id" : "dfc5f28d-d47e-4007-869a-f2d5cfbc3d39",
    "modDate" : 1512571212000,
    "name" : "SEO Description",
    "required" : false,
    "variable" : "seodescription",
    "sortOrder" : 12,
    "fixed" : true,
    "contentTypeId" : "c541abb1-69b3-4bc5-8430-5e09e5239cc8",
    "dbColumn" : "text_area1",
    "iDate" : 1421416266000
  }, {
    "clazz" : "com.dotcms.contenttype.model.field.ImmutableTextAreaField",
    "dataType" : "LONG_TEXT",
    "searchable" : true,
    "unique" : false,
    "indexed" : true,
    "listed" : false,
    "readOnly" : false,
    "id" : "f00b3844-820d-4967-9f8e-0cce68d22b13",
    "modDate" : 1512571212000,
    "name" : "SEO Keywords",
    "required" : false,
    "variable" : "seokeywords",
    "sortOrder" : 13,
    "fixed" : true,
    "contentTypeId" : "c541abb1-69b3-4bc5-8430-5e09e5239cc8",
    "dbColumn" : "text_area2",
    "iDate" : 1421416266000
  }, {
    "clazz" : "com.dotcms.contenttype.model.field.ImmutableTextAreaField",
    "dataType" : "LONG_TEXT",
    "searchable" : true,
    "unique" : false,
    "indexed" : true,
    "listed" : false,
    "readOnly" : false,
    "id" : "c50906a6-dafb-4348-a185-a9334448813c",
    "modDate" : 1512571212000,
    "name" : "Page Metadata",
    "required" : false,
    "variable" : "pagemetadata",
    "sortOrder" : 14,
    "fixed" : true,
    "contentTypeId" : "c541abb1-69b3-4bc5-8430-5e09e5239cc8",
    "dbColumn" : "text_area3",
    "iDate" : 1421416266000
  }, {
    "clazz" : "com.dotcms.contenttype.model.field.ImmutableTextField",
    "dataType" : "TEXT",
    "searchable" : false,
    "unique" : false,
    "indexed" : false,
    "listed" : false,
    "readOnly" : false,
    "id" : "95b191a7-a28e-463f-bb0f-e0d36fb40022",
    "modDate" : 1512571212000,
    "name" : "Canonical URL",
    "required" : false,
    "variable" : "canonicalUrl",
    "sortOrder" : 15,
    "fixed" : false,
    "contentTypeId" : "c541abb1-69b3-4bc5-8430-5e09e5239cc8",
    "dbColumn" : "text10",
    "iDate" : 1432826795000
  } ],
  "fieldVariables" : [ ]
}, {
  "contentType" : {
    "clazz" : "com.dotcms.contenttype.model.type.ImmutableSimpleContentType",
    "name" : "Event",
    "id" : "f6259cc9-5d78-453e-8167-efd7b72b2e96",
    "description" : "Calendar and events",
    "defaultType" : false,
    "detailPage" : "8aff34ed-d163-4311-9712-9b74e51e0044",
    "fixed" : true,
    "iDate" : 1407251903000,
    "system" : false,
    "versionable" : true,
    "multilingualable" : false,
    "variable" : "calendarEvent",
    "urlMapPattern" : "/news-events/events/{urlTitle}",
    "modDate" : 1512571212000,
    "host" : "SYSTEM_HOST",
    "folder" : "SYSTEM_FOLDER"
  },
  "fields" : [ {
    "clazz" : "com.dotcms.contenttype.model.field.ImmutableHostFolderField",
    "indexed" : true,
    "dataType" : "SYSTEM",
    "searchable" : true,
    "unique" : false,
    "listed" : false,
    "readOnly" : false,
    "id" : "98e9924d-8847-4ceb-a2a7-19508c3c1106",
    "modDate" : 1512571211000,
    "name" : "Host",
    "required" : false,
    "variable" : "host1",
    "sortOrder" : 1,
    "fixed" : true,
    "contentTypeId" : "f6259cc9-5d78-453e-8167-efd7b72b2e96",
    "dbColumn" : "system_field",
    "iDate" : 1272032818000
  }, {
    "clazz" : "com.dotcms.contenttype.model.field.ImmutableTextField",
    "dataType" : "TEXT",
    "searchable" : true,
    "unique" : false,
    "indexed" : true,
    "listed" : true,
    "readOnly" : false,
    "id" : "7adb7ed2-4c15-4399-9675-c32f84ba8ff9",
    "modDate" : 1512571211000,
    "name" : "Title",
    "required" : true,
    "variable" : "title",
    "sortOrder" : 2,
    "fixed" : true,
    "contentTypeId" : "f6259cc9-5d78-453e-8167-efd7b72b2e96",
    "dbColumn" : "text1",
    "iDate" : 1267145780000
  }, {
    "clazz" : "com.dotcms.contenttype.model.field.ImmutableCustomField",
    "dataType" : "LONG_TEXT",
    "searchable" : true,
    "unique" : false,
    "indexed" : true,
    "listed" : true,
    "readOnly" : false,
    "id" : "2d9bd5ac-ee66-4523-94a7-05897c609a98",
    "modDate" : 1512571211000,
    "name" : "URL Title",
    "required" : false,
    "variable" : "urlTitle",
    "sortOrder" : 3,
    "values" : "#dotParse('/application/vtl/custom-fields/url-title.vtl')",
    "fixed" : false,
    "contentTypeId" : "f6259cc9-5d78-453e-8167-efd7b72b2e96",
    "dbColumn" : "text_area2",
    "iDate" : 1279547718000
  }, {
    "clazz" : "com.dotcms.contenttype.model.field.ImmutableDateTimeField",
    "dataType" : "DATE",
    "searchable" : true,
    "unique" : false,
    "indexed" : true,
    "listed" : true,
    "readOnly" : false,
    "id" : "2a918837-0e1f-41b9-8fc0-e8fca2a1bff4",
    "modDate" : 1512571211000,
    "name" : "Start Date",
    "required" : true,
    "variable" : "startDate",
    "sortOrder" : 4,
    "fixed" : true,
    "contentTypeId" : "f6259cc9-5d78-453e-8167-efd7b72b2e96",
    "dbColumn" : "date1",
    "iDate" : 1267145781000
  }, {
    "clazz" : "com.dotcms.contenttype.model.field.ImmutableDateTimeField",
    "dataType" : "DATE",
    "searchable" : false,
    "unique" : false,
    "indexed" : true,
    "listed" : false,
    "readOnly" : false,
    "id" : "28a791c8-67b9-4797-b036-bbad65a57ee7",
    "modDate" : 1512571211000,
    "name" : "End Date",
    "required" : true,
    "variable" : "endDate",
    "sortOrder" : 5,
    "fixed" : true,
    "contentTypeId" : "f6259cc9-5d78-453e-8167-efd7b72b2e96",
    "dbColumn" : "date2",
    "iDate" : 1267145781000
  }, {
    "clazz" : "com.dotcms.contenttype.model.field.ImmutableWysiwygField",
    "dataType" : "LONG_TEXT",
    "searchable" : true,
    "unique" : false,
    "indexed" : true,
    "listed" : false,
    "readOnly" : false,
    "id" : "ed892f16-a88e-4cdc-b9c3-8324709f8a21",
    "modDate" : 1512571211000,
    "name" : "Description",
    "required" : false,
    "variable" : "description",
    "sortOrder" : 6,
    "fixed" : true,
    "contentTypeId" : "f6259cc9-5d78-453e-8167-efd7b72b2e96",
    "dbColumn" : "text_area1",
    "iDate" : 1267145781000
  }, {
    "clazz" : "com.dotcms.contenttype.model.field.ImmutableTextField",
    "dataType" : "TEXT",
    "searchable" : false,
    "unique" : false,
    "indexed" : false,
    "listed" : false,
    "readOnly" : false,
    "id" : "0b91b302-2d62-4af1-bee5-12f2222c97c7",
    "modDate" : 1512571211000,
    "name" : "Link",
    "required" : false,
    "variable" : "link",
    "sortOrder" : 7,
    "fixed" : true,
    "contentTypeId" : "f6259cc9-5d78-453e-8167-efd7b72b2e96",
    "dbColumn" : "text2",
    "iDate" : 1267145781000
  }, {
    "clazz" : "com.dotcms.contenttype.model.field.ImmutableImageField",
    "dataType" : "TEXT",
    "searchable" : false,
    "unique" : false,
    "indexed" : false,
    "listed" : false,
    "readOnly" : false,
    "id" : "52c92b4e-ab2f-43df-a423-fed67c733e78",
    "modDate" : 1512571211000,
    "name" : "Image",
    "required" : false,
    "variable" : "image",
    "sortOrder" : 8,
    "fixed" : true,
    "contentTypeId" : "f6259cc9-5d78-453e-8167-efd7b72b2e96",
    "dbColumn" : "text3",
    "iDate" : 1267145781000
  }, {
    "clazz" : "com.dotcms.contenttype.model.field.ImmutableFileField",
    "dataType" : "TEXT",
    "searchable" : false,
    "unique" : false,
    "indexed" : false,
    "listed" : false,
    "readOnly" : false,
    "id" : "5919331b-62f3-45e7-bd80-0ddbe0bf297a",
    "modDate" : 1512571211000,
    "name" : "File",
    "required" : false,
    "variable" : "file",
    "sortOrder" : 9,
    "fixed" : true,
    "contentTypeId" : "f6259cc9-5d78-453e-8167-efd7b72b2e96",
    "dbColumn" : "text4",
    "iDate" : 1267145781000
  }, {
    "clazz" : "com.dotcms.contenttype.model.field.ImmutableTagField",
    "indexed" : true,
    "dataType" : "SYSTEM",
    "searchable" : true,
    "unique" : false,
    "listed" : false,
    "readOnly" : false,
    "id" : "33e793f0-f1dc-4986-847b-5b0a529b4373",
    "modDate" : 1512571211000,
    "name" : "Tags",
    "required" : false,
    "variable" : "tags",
    "sortOrder" : 10,
    "fixed" : true,
    "contentTypeId" : "f6259cc9-5d78-453e-8167-efd7b72b2e96",
    "dbColumn" : "system_field",
    "iDate" : 1267145781000
  }, {
    "clazz" : "com.dotcms.contenttype.model.field.ImmutableHiddenField",
    "dataType" : "BOOL",
    "searchable" : true,
    "unique" : false,
    "indexed" : true,
    "listed" : false,
    "readOnly" : false,
    "id" : "74715ca5-6f1c-4580-b511-f91dbe5ad703",
    "modDate" : 1512571211000,
    "name" : "Recurs",
    "required" : false,
    "variable" : "recurs",
    "sortOrder" : 10,
    "fixed" : true,
    "contentTypeId" : "f6259cc9-5d78-453e-8167-efd7b72b2e96",
    "dbColumn" : "bool1",
    "iDate" : 1293202515000
  }, {
    "clazz" : "com.dotcms.contenttype.model.field.ImmutableHiddenField",
    "dataType" : "DATE",
    "searchable" : true,
    "unique" : false,
    "indexed" : true,
    "listed" : false,
    "readOnly" : false,
    "id" : "8d699885-867b-4b96-bff9-1198e96f8941",
    "modDate" : 1512571211000,
    "name" : "Recurrence Start",
    "required" : false,
    "variable" : "recurrenceStart",
    "sortOrder" : 11,
    "fixed" : true,
    "contentTypeId" : "f6259cc9-5d78-453e-8167-efd7b72b2e96",
    "dbColumn" : "date3",
    "iDate" : 1293202515000
  }, {
    "clazz" : "com.dotcms.contenttype.model.field.ImmutableCategoryField",
    "indexed" : true,
    "dataType" : "SYSTEM",
    "searchable" : false,
    "unique" : false,
    "listed" : false,
    "readOnly" : false,
    "id" : "c7849b12-f7d8-4810-8ec9-e603faed954f",
    "modDate" : 1512571211000,
    "name" : "Categories",
    "required" : false,
    "variable" : "categories",
    "sortOrder" : 11,
    "values" : "375341a2-0912-422f-b903-2602b6105c70",
    "fixed" : false,
    "contentTypeId" : "f6259cc9-5d78-453e-8167-efd7b72b2e96",
    "dbColumn" : "system_field",
    "iDate" : 1277841532000
  }, {
    "clazz" : "com.dotcms.contenttype.model.field.ImmutableHiddenField",
    "dataType" : "DATE",
    "searchable" : true,
    "unique" : false,
    "indexed" : true,
    "listed" : false,
    "readOnly" : false,
    "id" : "1f4b74e2-d00f-4245-840d-f84297438069",
    "modDate" : 1512571211000,
    "name" : "Recurrence End",
    "required" : false,
    "variable" : "recurrenceEnd",
    "sortOrder" : 12,
    "fixed" : true,
    "contentTypeId" : "f6259cc9-5d78-453e-8167-efd7b72b2e96",
    "dbColumn" : "date4",
    "iDate" : 1293202515000
  }, {
    "clazz" : "com.dotcms.contenttype.model.field.ImmutableHiddenField",
    "dataType" : "TEXT",
    "searchable" : true,
    "unique" : false,
    "indexed" : true,
    "listed" : false,
    "readOnly" : false,
    "id" : "314c6664-d8be-452b-acca-d62d908b4a34",
    "modDate" : 1512571211000,
    "name" : "Recurrence Occurs",
    "required" : false,
    "variable" : "recurrenceOccurs",
    "sortOrder" : 13,
    "fixed" : true,
    "contentTypeId" : "f6259cc9-5d78-453e-8167-efd7b72b2e96",
    "dbColumn" : "text7",
    "iDate" : 1293202515000
  }, {
    "clazz" : "com.dotcms.contenttype.model.field.ImmutableHiddenField",
    "dataType" : "INTEGER",
    "searchable" : true,
    "unique" : false,
    "indexed" : true,
    "listed" : false,
    "readOnly" : false,
    "id" : "ea67f7b5-d7b4-4f7c-ae1a-5c008f3a8a16",
    "modDate" : 1512571211000,
    "name" : "Recurrence Interval",
    "required" : false,
    "variable" : "recurrenceInterval",
    "sortOrder" : 14,
    "fixed" : true,
    "contentTypeId" : "f6259cc9-5d78-453e-8167-efd7b72b2e96",
    "dbColumn" : "integer1",
    "iDate" : 1293202515000
  }, {
    "clazz" : "com.dotcms.contenttype.model.field.ImmutableHiddenField",
    "dataType" : "LONG_TEXT",
    "searchable" : true,
    "unique" : false,
    "indexed" : true,
    "listed" : false,
    "readOnly" : false,
    "id" : "a8ee0bef-3f5b-4572-9a24-c4d0112548c4",
    "modDate" : 1512571211000,
    "name" : "Recurrence Days of Week",
    "required" : false,
    "variable" : "recurrenceDaysOfWeek",
    "sortOrder" : 15,
    "fixed" : true,
    "contentTypeId" : "f6259cc9-5d78-453e-8167-efd7b72b2e96",
    "dbColumn" : "text_area3",
    "iDate" : 1293202515000
  }, {
    "clazz" : "com.dotcms.contenttype.model.field.ImmutableHiddenField",
    "dataType" : "INTEGER",
    "searchable" : true,
    "unique" : false,
    "indexed" : true,
    "listed" : false,
    "readOnly" : false,
    "id" : "5a3bcf8b-0939-4996-b8c8-57bc76ad5fef",
    "modDate" : 1512571211000,
    "name" : "Recurrence Day of Month",
    "required" : false,
    "variable" : "recurrenceDayOfMonth",
    "sortOrder" : 16,
    "fixed" : true,
    "contentTypeId" : "f6259cc9-5d78-453e-8167-efd7b72b2e96",
    "dbColumn" : "integer2",
    "iDate" : 1293202515000
  }, {
    "clazz" : "com.dotcms.contenttype.model.field.ImmutableHiddenField",
    "dataType" : "LONG_TEXT",
    "searchable" : true,
    "unique" : false,
    "indexed" : true,
    "listed" : false,
    "readOnly" : false,
    "id" : "f231c8a7-9606-4823-8185-6e2172fd5506",
    "modDate" : 1512571211000,
    "name" : "Recurrence Dates to Ignore",
    "required" : false,
    "variable" : "recurrenceDatesToIgnore",
    "sortOrder" : 17,
    "fixed" : true,
    "contentTypeId" : "f6259cc9-5d78-453e-8167-efd7b72b2e96",
    "dbColumn" : "text_area4",
    "iDate" : 1293202515000
  }, {
    "clazz" : "com.dotcms.contenttype.model.field.ImmutableHiddenField",
    "dataType" : "TEXT",
    "searchable" : true,
    "unique" : false,
    "indexed" : true,
    "listed" : false,
    "readOnly" : false,
    "id" : "cf46e80e-7b1f-40b1-b9c7-fb837af60d38",
    "modDate" : 1512571211000,
    "name" : "Disconnected From",
    "required" : false,
    "variable" : "disconnectedFrom",
    "sortOrder" : 18,
    "fixed" : true,
    "contentTypeId" : "f6259cc9-5d78-453e-8167-efd7b72b2e96",
    "dbColumn" : "text8",
    "iDate" : 1293202515000
  }, {
    "clazz" : "com.dotcms.contenttype.model.field.ImmutableHiddenField",
    "dataType" : "BOOL",
    "searchable" : true,
    "unique" : false,
    "indexed" : true,
    "listed" : false,
    "readOnly" : false,
    "id" : "c46e28fd-38e9-46d2-ab04-168b18cbde23",
    "modDate" : 1512571211000,
    "name" : "No Recurrence End",
    "required" : false,
    "variable" : "noRecurrenceEnd",
    "sortOrder" : 19,
    "fixed" : true,
    "contentTypeId" : "f6259cc9-5d78-453e-8167-efd7b72b2e96",
    "dbColumn" : "bool2",
    "iDate" : 1293202515000
  }, {
    "clazz" : "com.dotcms.contenttype.model.field.ImmutableHiddenField",
    "dataType" : "DATE",
    "searchable" : true,
    "unique" : false,
    "indexed" : true,
    "listed" : false,
    "readOnly" : false,
    "id" : "1da87215-92d1-499c-aeda-517d54114ead",
    "modDate" : 1512571212000,
    "name" : "Original Start Date",
    "required" : false,
    "variable" : "originalStartDate",
    "sortOrder" : 20,
    "fixed" : true,
    "contentTypeId" : "f6259cc9-5d78-453e-8167-efd7b72b2e96",
    "dbColumn" : "date5",
    "iDate" : 1293202515000
  }, {
    "clazz" : "com.dotcms.contenttype.model.field.ImmutableHiddenField",
    "dataType" : "INTEGER",
    "searchable" : true,
    "unique" : false,
    "indexed" : true,
    "listed" : false,
    "readOnly" : false,
    "id" : "5074b1c3-0bc3-495f-be95-72c82d749a67",
    "modDate" : 1512571212000,
    "name" : "Recurrence Day Of Week",
    "required" : false,
    "variable" : "recurrenceDayOfWeek",
    "sortOrder" : 21,
    "fixed" : true,
    "contentTypeId" : "f6259cc9-5d78-453e-8167-efd7b72b2e96",
    "dbColumn" : "integer3",
    "iDate" : 1293202515000
  }, {
    "clazz" : "com.dotcms.contenttype.model.field.ImmutableHiddenField",
    "dataType" : "INTEGER",
    "searchable" : true,
    "unique" : false,
    "indexed" : true,
    "listed" : false,
    "readOnly" : false,
    "id" : "40f1dd0a-d4dd-4ce7-abef-0bc1ce711bb4",
    "modDate" : 1512571212000,
    "name" : "Recurrence Week Of Month",
    "required" : false,
    "variable" : "recurrenceWeekOfMonth",
    "sortOrder" : 22,
    "fixed" : true,
    "contentTypeId" : "f6259cc9-5d78-453e-8167-efd7b72b2e96",
    "dbColumn" : "integer4",
    "iDate" : 1293202515000
  }, {
    "clazz" : "com.dotcms.contenttype.model.field.ImmutableHiddenField",
    "dataType" : "INTEGER",
    "searchable" : true,
    "unique" : false,
    "indexed" : true,
    "listed" : false,
    "readOnly" : false,
    "id" : "b48eb11e-8de0-417d-a768-46fa4d0e0b5c",
    "modDate" : 1512571212000,
    "name" : "Recurrence Month Of Year",
    "required" : false,
    "variable" : "recurrenceMonthOfYear",
    "sortOrder" : 23,
    "fixed" : true,
    "contentTypeId" : "f6259cc9-5d78-453e-8167-efd7b72b2e96",
    "dbColumn" : "integer5",
    "iDate" : 1293202515000
  } ],
  "fieldVariables" : [ ]
}, {
  "contentType" : {
    "clazz" : "com.dotcms.contenttype.model.type.ImmutableSimpleContentType",
    "name" : "Content (Generic)",
    "id" : "2a3e91e4-fbbf-4876-8c5b-2233c1739b05",
    "defaultType" : true,
    "fixed" : false,
    "iDate" : 1489089096000,
    "system" : false,
    "versionable" : true,
    "multilingualable" : false,
    "variable" : "webPageContent",
    "modDate" : 1512571213000,
    "host" : "SYSTEM_HOST",
    "folder" : "SYSTEM_FOLDER"
  },
  "fields" : [ {
    "clazz" : "com.dotcms.contenttype.model.field.ImmutableTextField",
    "dataType" : "TEXT",
    "searchable" : true,
    "unique" : false,
    "indexed" : true,
    "listed" : true,
    "readOnly" : false,
    "id" : "9f5a97dc-703c-4721-9cce-29478671558b",
    "modDate" : 1512571213000,
    "name" : "Title",
    "required" : true,
    "variable" : "title",
    "sortOrder" : 1,
    "regexCheck" : "[^(<[.\\n]+>)]*",
    "fixed" : false,
    "contentTypeId" : "2a3e91e4-fbbf-4876-8c5b-2233c1739b05",
    "dbColumn" : "text1",
    "iDate" : 1266980755000
  }, {
    "clazz" : "com.dotcms.contenttype.model.field.ImmutableHostFolderField",
    "indexed" : true,
    "dataType" : "SYSTEM",
    "searchable" : false,
    "unique" : false,
    "listed" : false,
    "readOnly" : false,
    "id" : "49c5bd96-d70c-441c-9c5f-7ccaa8e7ff9a",
    "modDate" : 1512571213000,
    "name" : "Site",
    "required" : true,
    "variable" : "contentHost",
    "sortOrder" : 2,
    "fixed" : false,
    "contentTypeId" : "2a3e91e4-fbbf-4876-8c5b-2233c1739b05",
    "dbColumn" : "system_field",
    "iDate" : 1267120629000
  }, {
    "clazz" : "com.dotcms.contenttype.model.field.ImmutableWysiwygField",
    "dataType" : "LONG_TEXT",
    "searchable" : false,
    "unique" : false,
    "indexed" : false,
    "listed" : false,
    "readOnly" : false,
    "id" : "5c6e0bff-cfeb-44c6-86e2-a0ba40e7b66c",
    "modDate" : 1512571213000,
    "name" : "Body",
    "required" : true,
    "variable" : "body",
    "sortOrder" : 3,
    "fixed" : false,
    "contentTypeId" : "2a3e91e4-fbbf-4876-8c5b-2233c1739b05",
    "dbColumn" : "text_area1",
    "iDate" : 1266980784000
  } ],
  "fieldVariables" : [ ]
}, {
  "contentType" : {
    "clazz" : "com.dotcms.contenttype.model.type.ImmutableSimpleContentType",
    "name" : "Host",
    "id" : "855a2d72-f2f3-4169-8b04-ac5157c4380c",
    "description" : "System hosts information",
    "defaultType" : false,
    "fixed" : true,
    "iDate" : 1459192214000,
    "system" : true,
    "versionable" : true,
    "multilingualable" : false,
    "variable" : "Host",
    "modDate" : 1512571213000,
    "host" : "SYSTEM_HOST",
    "folder" : "SYSTEM_FOLDER"
  },
  "fields" : [ {
    "clazz" : "com.dotcms.contenttype.model.field.ImmutableTextField",
    "dataType" : "TEXT",
    "searchable" : true,
    "unique" : true,
    "indexed" : true,
    "listed" : true,
    "readOnly" : false,
    "id" : "ec8cc36f-6058-4ab5-9bfb-fc36ab011ee5",
    "modDate" : 1512571212000,
    "name" : "Host Name",
    "required" : true,
    "variable" : "hostName",
    "sortOrder" : 1,
    "fixed" : true,
    "contentTypeId" : "855a2d72-f2f3-4169-8b04-ac5157c4380c",
    "dbColumn" : "text1",
    "iDate" : 1258480531000
  }, {
    "clazz" : "com.dotcms.contenttype.model.field.ImmutableTextAreaField",
    "dataType" : "LONG_TEXT",
    "searchable" : true,
    "unique" : false,
    "indexed" : true,
    "listed" : true,
    "readOnly" : false,
    "id" : "01f23a87-9859-4860-8368-f70a6ba9687f",
    "modDate" : 1512571212000,
    "name" : "Aliases",
    "required" : false,
    "variable" : "aliases",
    "sortOrder" : 2,
    "fixed" : true,
    "contentTypeId" : "855a2d72-f2f3-4169-8b04-ac5157c4380c",
    "dbColumn" : "text_area1",
    "iDate" : 1258480531000
  }, {
    "clazz" : "com.dotcms.contenttype.model.field.ImmutableHiddenField",
    "dataType" : "BOOL",
    "searchable" : false,
    "unique" : false,
    "indexed" : true,
    "listed" : false,
    "readOnly" : true,
    "id" : "c4628fad-9122-404a-8248-faaac4e6c29f",
    "modDate" : 1512571212000,
    "name" : "Is Default",
    "required" : false,
    "variable" : "isDefault",
    "sortOrder" : 3,
    "values" : "true|true\nfalse|false",
    "defaultValue" : "false",
    "fixed" : true,
    "contentTypeId" : "855a2d72-f2f3-4169-8b04-ac5157c4380c",
    "dbColumn" : "bool1",
    "iDate" : 1258480531000
  }, {
    "clazz" : "com.dotcms.contenttype.model.field.ImmutableCustomField",
    "dataType" : "TEXT",
    "searchable" : false,
    "unique" : false,
    "indexed" : true,
    "listed" : false,
    "readOnly" : false,
    "id" : "cf5d08aa-7ff0-4fc8-a6ac-5a36e82cd741",
    "modDate" : 1512571212000,
    "name" : "Tag Storage",
    "required" : false,
    "variable" : "tagStorage",
    "sortOrder" : 3,
    "values" : "#parse('static/tag/tag_storage_field_creation.vtl')",
    "fixed" : true,
    "contentTypeId" : "855a2d72-f2f3-4169-8b04-ac5157c4380c",
    "dbColumn" : "text4",
    "iDate" : 1323987554000
  }, {
    "clazz" : "com.dotcms.contenttype.model.field.ImmutableBinaryField",
    "dataType" : "SYSTEM",
    "searchable" : false,
    "unique" : false,
    "indexed" : false,
    "listed" : false,
    "readOnly" : false,
    "id" : "8377586d-ac40-43b9-81ce-55b64f24433b",
    "modDate" : 1512571212000,
    "name" : "Host Thumbnail",
    "required" : false,
    "variable" : "hostThumbnail",
    "sortOrder" : 4,
    "fixed" : true,
    "contentTypeId" : "855a2d72-f2f3-4169-8b04-ac5157c4380c",
    "dbColumn" : "system_field",
    "iDate" : 1258480531000
  }, {
    "clazz" : "com.dotcms.contenttype.model.field.ImmutableHiddenField",
    "dataType" : "BOOL",
    "searchable" : false,
    "unique" : false,
    "indexed" : true,
    "listed" : false,
    "readOnly" : true,
    "id" : "a0712c61-06ec-4019-a148-21d53fe05f92",
    "modDate" : 1512571212000,
    "name" : "Is System Host",
    "required" : false,
    "variable" : "isSystemHost",
    "sortOrder" : 4,
    "values" : "true|true\nfalse|false",
    "defaultValue" : "false",
    "fixed" : true,
    "contentTypeId" : "855a2d72-f2f3-4169-8b04-ac5157c4380c",
    "dbColumn" : "bool2",
    "iDate" : 1258480531000
  }, {
    "clazz" : "com.dotcms.contenttype.model.field.ImmutableRadioField",
    "dataType" : "BOOL",
    "searchable" : false,
    "unique" : false,
    "indexed" : true,
    "listed" : false,
    "readOnly" : false,
    "id" : "2f00a11d-f64c-4f8f-8126-238cc01fbf96",
    "modDate" : 1512571212000,
    "name" : "Run Dashboard",
    "required" : false,
    "variable" : "runDashboard",
    "sortOrder" : 5,
    "values" : "Yes|1\r\nNo|0",
    "defaultValue" : "0",
    "fixed" : true,
    "contentTypeId" : "855a2d72-f2f3-4169-8b04-ac5157c4380c",
    "dbColumn" : "bool3",
    "iDate" : 1301085005000
  }, {
    "clazz" : "com.dotcms.contenttype.model.field.ImmutableLineDividerField",
    "fieldContentTypeProperties" : [ ],
    "dataType" : "SYSTEM",
    "searchable" : false,
    "unique" : false,
    "indexed" : false,
    "listed" : false,
    "readOnly" : false,
    "id" : "4e01f028-dbf8-41f6-8c3d-92c89e00ddbd",
    "modDate" : 1512571212000,
    "name" : "Meta Data (Default)",
    "required" : false,
    "variable" : "metaData",
    "sortOrder" : 6,
    "fixed" : false,
    "contentTypeId" : "855a2d72-f2f3-4169-8b04-ac5157c4380c",
    "dbColumn" : "system_field",
    "iDate" : 1272568823000
  }, {
    "clazz" : "com.dotcms.contenttype.model.field.ImmutableTextAreaField",
    "dataType" : "LONG_TEXT",
    "searchable" : false,
    "unique" : false,
    "indexed" : false,
    "listed" : false,
    "readOnly" : false,
    "id" : "bca1a66b-4ab0-44aa-b73c-502390d4b4f1",
    "modDate" : 1512571213000,
    "name" : "Keywords",
    "required" : false,
    "variable" : "keywords",
    "sortOrder" : 7,
    "regexCheck" : "[^(<[.\\n]+>)]*",
    "hint" : "Use comma to seperate keywords",
    "fixed" : false,
    "contentTypeId" : "855a2d72-f2f3-4169-8b04-ac5157c4380c",
    "dbColumn" : "text_area3",
    "iDate" : 1271774960000
  }, {
    "clazz" : "com.dotcms.contenttype.model.field.ImmutableTextAreaField",
    "dataType" : "LONG_TEXT",
    "searchable" : false,
    "unique" : false,
    "indexed" : false,
    "listed" : false,
    "readOnly" : false,
    "id" : "04b1cdea-6c48-4a1b-bf47-6edfd5091246",
    "modDate" : 1512571213000,
    "name" : "Description",
    "required" : false,
    "variable" : "description",
    "sortOrder" : 8,
    "regexCheck" : "[^(<[.\\n]+>)]*",
    "hint" : "Used by default in page meta data description field",
    "fixed" : false,
    "contentTypeId" : "855a2d72-f2f3-4169-8b04-ac5157c4380c",
    "dbColumn" : "text_area2",
    "iDate" : 1271774778000
  }, {
    "clazz" : "com.dotcms.contenttype.model.field.ImmutableLineDividerField",
    "fieldContentTypeProperties" : [ ],
    "dataType" : "SYSTEM",
    "searchable" : false,
    "unique" : false,
    "indexed" : false,
    "listed" : false,
    "readOnly" : false,
    "id" : "5ee13991-970e-4a0b-b5e8-6547d7bb3bf2",
    "modDate" : 1512571213000,
    "name" : "Site Tags",
    "required" : false,
    "variable" : "siteKeys",
    "sortOrder" : 9,
    "fixed" : false,
    "contentTypeId" : "855a2d72-f2f3-4169-8b04-ac5157c4380c",
    "dbColumn" : "system_field",
    "iDate" : 1272568891000
  }, {
    "clazz" : "com.dotcms.contenttype.model.field.ImmutableTextAreaField",
    "dataType" : "LONG_TEXT",
    "searchable" : false,
    "unique" : false,
    "indexed" : false,
    "listed" : false,
    "readOnly" : false,
    "id" : "f450cd53-6a33-4684-9d3f-4c0bdc5c362d",
    "modDate" : 1512571213000,
    "name" : "Tag Management",
    "required" : false,
    "variable" : "tagManagement",
    "sortOrder" : 10,
    "fixed" : false,
    "contentTypeId" : "855a2d72-f2f3-4169-8b04-ac5157c4380c",
    "dbColumn" : "text_area4",
    "iDate" : 1459192211000
  }, {
    "clazz" : "com.dotcms.contenttype.model.field.ImmutableTextField",
    "dataType" : "TEXT",
    "searchable" : false,
    "unique" : false,
    "indexed" : false,
    "listed" : false,
    "readOnly" : false,
    "id" : "f41dcc3c-36ce-4ea5-a621-23011936c418",
    "modDate" : 1512571213000,
    "name" : "Google Map",
    "required" : false,
    "variable" : "googleMap",
    "sortOrder" : 11,
    "regexCheck" : "[^(<[.\\n]+>)]*",
    "hint" : "Google Map Key",
    "fixed" : false,
    "contentTypeId" : "855a2d72-f2f3-4169-8b04-ac5157c4380c",
    "dbColumn" : "text5",
    "iDate" : 1272568944000
  }, {
    "clazz" : "com.dotcms.contenttype.model.field.ImmutableTextField",
    "dataType" : "TEXT",
    "searchable" : false,
    "unique" : false,
    "indexed" : false,
    "listed" : false,
    "readOnly" : false,
    "id" : "02d02031-ef53-43f2-9845-6a2a85538072",
    "modDate" : 1512571213000,
    "name" : "Google Analytics",
    "required" : false,
    "variable" : "googleAnalytics",
    "sortOrder" : 12,
    "regexCheck" : "[^(<[.\\n]+>)]*",
    "fixed" : false,
    "contentTypeId" : "855a2d72-f2f3-4169-8b04-ac5157c4380c",
    "dbColumn" : "text6",
    "iDate" : 1276800851000
  }, {
    "clazz" : "com.dotcms.contenttype.model.field.ImmutableTextField",
    "dataType" : "TEXT",
    "searchable" : false,
    "unique" : false,
    "indexed" : false,
    "listed" : false,
    "readOnly" : false,
    "id" : "4242af9d-2cc9-440f-a136-c92f1fe0e65a",
    "modDate" : 1512571213000,
    "name" : "Add This",
    "required" : false,
    "variable" : "addThis",
    "sortOrder" : 13,
    "regexCheck" : "[^(<[.\\n]+>)]*",
    "hint" : "Add This Pub ID",
    "fixed" : false,
    "contentTypeId" : "855a2d72-f2f3-4169-8b04-ac5157c4380c",
    "dbColumn" : "text2",
    "iDate" : 1310062867000
  } ],
  "fieldVariables" : [ ]
}, {
  "contentType" : {
    "clazz" : "com.dotcms.contenttype.model.type.ImmutableVanityUrlContentType",
    "name" : "Vanity URL",
    "id" : "8e850645-bb92-4fda-a765-e67063a59be0",
    "description" : "Default Content Type for Vanity URLs",
    "defaultType" : false,
    "fixed" : true,
    "iDate" : 1504211929000,
    "system" : false,
    "versionable" : true,
    "multilingualable" : false,
    "variable" : "Vanityurl",
    "owner" : "system",
    "modDate" : 1512571213000,
    "host" : "SYSTEM_HOST",
    "folder" : "SYSTEM_FOLDER"
  },
  "fields" : [ {
    "clazz" : "com.dotcms.contenttype.model.field.ImmutableTextField",
    "dataType" : "TEXT",
    "searchable" : true,
    "unique" : false,
    "indexed" : true,
    "listed" : true,
    "readOnly" : false,
    "id" : "4e64a309-8c5e-48cf-b4a9-e724a5e09575",
    "modDate" : 1512571213000,
    "name" : "Title",
    "required" : true,
    "variable" : "title",
    "sortOrder" : 1,
    "fixed" : true,
    "contentTypeId" : "8e850645-bb92-4fda-a765-e67063a59be0",
    "dbColumn" : "text1",
    "iDate" : 1504211929000
  }, {
    "clazz" : "com.dotcms.contenttype.model.field.ImmutableCustomField",
    "dataType" : "TEXT",
    "searchable" : false,
    "unique" : false,
    "indexed" : true,
    "listed" : false,
    "readOnly" : false,
    "id" : "3b7f25bb-c5be-48bb-b00b-5b1b754e550c",
    "modDate" : 1512571213000,
    "name" : "Site",
    "required" : true,
    "variable" : "site",
    "sortOrder" : 2,
    "values" : "$velutil.mergeTemplate('/static/content/site_selector_field_render.vtl')",
    "fixed" : true,
    "contentTypeId" : "8e850645-bb92-4fda-a765-e67063a59be0",
    "dbColumn" : "text2",
    "iDate" : 1504211929000
  }, {
    "clazz" : "com.dotcms.contenttype.model.field.ImmutableTextField",
    "dataType" : "TEXT",
    "searchable" : true,
    "unique" : false,
    "indexed" : true,
    "listed" : true,
    "readOnly" : false,
    "id" : "de4fea7f-4d8f-48eb-8a63-20772dced99a",
    "modDate" : 1512571213000,
    "name" : "Uri",
    "required" : true,
    "variable" : "uri",
    "sortOrder" : 3,
    "fixed" : true,
    "contentTypeId" : "8e850645-bb92-4fda-a765-e67063a59be0",
    "dbColumn" : "text3",
    "iDate" : 1504211929000
  }, {
    "clazz" : "com.dotcms.contenttype.model.field.ImmutableSelectField",
    "dataType" : "INTEGER",
    "searchable" : true,
    "unique" : false,
    "indexed" : true,
    "listed" : true,
    "readOnly" : false,
    "id" : "7e438b93-b631-4812-9c9c-331b03e6b1cd",
    "modDate" : 1512571213000,
    "name" : "Action",
    "required" : true,
    "variable" : "action",
    "sortOrder" : 4,
    "values" : "200 - Forward|200\r\n301 - Permanent Redirect|301\r\n302 - Temporary Redirect|302",
    "fixed" : true,
    "contentTypeId" : "8e850645-bb92-4fda-a765-e67063a59be0",
    "dbColumn" : "integer1",
    "iDate" : 1504211929000
  }, {
    "clazz" : "com.dotcms.contenttype.model.field.ImmutableCustomField",
    "dataType" : "TEXT",
    "searchable" : false,
    "unique" : false,
    "indexed" : true,
    "listed" : true,
    "readOnly" : false,
    "id" : "49f3803a-b2b0-4e03-bb2e-d1bb2a1c135e",
    "modDate" : 1512571213000,
    "name" : "Forward To",
    "required" : true,
    "variable" : "forwardTo",
    "sortOrder" : 5,
    "values" : "$velutil.mergeTemplate('/static/content/file_browser_field_render.vtl')",
    "fixed" : true,
    "contentTypeId" : "8e850645-bb92-4fda-a765-e67063a59be0",
    "dbColumn" : "text4",
    "iDate" : 1504211929000
  }, {
    "clazz" : "com.dotcms.contenttype.model.field.ImmutableTextField",
    "dataType" : "INTEGER",
    "searchable" : true,
    "unique" : false,
    "indexed" : true,
    "listed" : false,
    "readOnly" : false,
    "id" : "9ae3e58a-75c9-4e4a-90f3-6f0d5f32a6f0",
    "modDate" : 1512571213000,
    "name" : "Order",
    "required" : true,
    "variable" : "order",
    "sortOrder" : 6,
    "defaultValue" : "0",
    "fixed" : true,
    "contentTypeId" : "8e850645-bb92-4fda-a765-e67063a59be0",
    "dbColumn" : "integer2",
    "iDate" : 1504211929000
  } ],
  "fieldVariables" : [ ]
}, {
  "contentType" : {
    "clazz" : "com.dotcms.contenttype.model.type.ImmutablePersonaContentType",
    "name" : "Persona",
    "id" : "c938b15f-bcb6-49ef-8651-14d455a97045",
    "description" : "Default Structure for Personas",
    "defaultType" : false,
    "fixed" : false,
    "iDate" : 1450303003000,
    "system" : false,
    "versionable" : true,
    "multilingualable" : false,
    "variable" : "persona",
    "owner" : "system",
    "modDate" : 1512571213000,
    "host" : "SYSTEM_HOST",
    "folder" : "SYSTEM_FOLDER"
  },
  "fields" : [ {
    "clazz" : "com.dotcms.contenttype.model.field.ImmutableHostFolderField",
    "indexed" : true,
    "dataType" : "SYSTEM",
    "searchable" : true,
    "unique" : false,
    "listed" : false,
    "readOnly" : false,
    "id" : "606ac3af-63e5-4bd4-bfa1-c4c672bb8eb8",
    "modDate" : 1512571213000,
    "name" : "Site/Folder",
    "required" : true,
    "variable" : "hostFolder",
    "sortOrder" : 1,
    "fixed" : true,
    "contentTypeId" : "c938b15f-bcb6-49ef-8651-14d455a97045",
    "dbColumn" : "system_field",
    "iDate" : 1450303003000
  }, {
    "clazz" : "com.dotcms.contenttype.model.field.ImmutableTextField",
    "dataType" : "TEXT",
    "searchable" : true,
    "unique" : false,
    "indexed" : true,
    "listed" : true,
    "readOnly" : false,
    "id" : "0ea2bd92-4b2d-48a2-a394-77fd560b1fce",
    "modDate" : 1512571213000,
    "name" : "Name",
    "required" : true,
    "variable" : "name",
    "sortOrder" : 2,
    "fixed" : true,
    "contentTypeId" : "c938b15f-bcb6-49ef-8651-14d455a97045",
    "dbColumn" : "text1",
    "iDate" : 1450303003000
  }, {
    "clazz" : "com.dotcms.contenttype.model.field.ImmutableCustomField",
    "dataType" : "TEXT",
    "searchable" : true,
    "unique" : false,
    "indexed" : true,
    "listed" : true,
    "readOnly" : false,
    "id" : "6b25d960-034d-4030-b785-89cc01baaa3d",
    "modDate" : 1512571213000,
    "name" : "Key Tag",
    "required" : true,
    "variable" : "keyTag",
    "sortOrder" : 3,
    "values" : "$velutil.mergeTemplate('/static/personas/keytag_custom_field.vtl')",
    "regexCheck" : "[a-zA-Z0-9]+",
    "fixed" : true,
    "contentTypeId" : "c938b15f-bcb6-49ef-8651-14d455a97045",
    "dbColumn" : "text2",
    "iDate" : 1450303003000
  }, {
    "clazz" : "com.dotcms.contenttype.model.field.ImmutableBinaryField",
    "dataType" : "SYSTEM",
    "searchable" : false,
    "unique" : false,
    "indexed" : false,
    "listed" : false,
    "readOnly" : false,
    "id" : "07cfbc2c-47de-4c78-a411-176fe8bb24a5",
    "modDate" : 1512571213000,
    "name" : "Photo",
    "required" : false,
    "variable" : "photo",
    "sortOrder" : 4,
    "fixed" : true,
    "contentTypeId" : "c938b15f-bcb6-49ef-8651-14d455a97045",
    "dbColumn" : "system_field",
    "iDate" : 1450303003000
  }, {
    "clazz" : "com.dotcms.contenttype.model.field.ImmutableTagField",
    "indexed" : true,
    "dataType" : "SYSTEM",
    "searchable" : true,
    "unique" : false,
    "listed" : false,
    "readOnly" : false,
    "id" : "2dab7223-ebb5-411b-922f-611a30bc2a2b",
    "modDate" : 1512571213000,
    "name" : "Other Tags",
    "required" : false,
    "variable" : "tags",
    "sortOrder" : 5,
    "fixed" : true,
    "contentTypeId" : "c938b15f-bcb6-49ef-8651-14d455a97045",
    "dbColumn" : "system_field",
    "iDate" : 1450303003000
  }, {
    "clazz" : "com.dotcms.contenttype.model.field.ImmutableTextAreaField",
    "dataType" : "LONG_TEXT",
    "searchable" : true,
    "unique" : false,
    "indexed" : true,
    "listed" : false,
    "readOnly" : false,
    "id" : "65e4e742-d87a-47ff-84ef-fde44e889e27",
    "modDate" : 1512571213000,
    "name" : "Description",
    "required" : false,
    "variable" : "description",
    "sortOrder" : 6,
    "fixed" : true,
    "contentTypeId" : "c938b15f-bcb6-49ef-8651-14d455a97045",
    "dbColumn" : "text_area2",
    "iDate" : 1450303003000
  } ],
  "fieldVariables" : [ ]
}, {
  "contentType" : {
    "clazz" : "com.dotcms.contenttype.model.type.ImmutableKeyValueContentType",
    "multilingualable" : false,
    "name" : "Language Variable",
    "id" : "f4d7c1b8-2c88-4071-abf1-a5328977b07d",
    "description" : "Default Content Type for Language Variables",
    "defaultType" : false,
    "fixed" : true,
    "iDate" : 1504211929000,
    "system" : false,
    "versionable" : true,
    "variable" : "Languagevariable",
    "owner" : "system",
    "modDate" : 1512571213000,
    "host" : "SYSTEM_HOST",
    "folder" : "SYSTEM_FOLDER"
  },
  "fields" : [ {
    "clazz" : "com.dotcms.contenttype.model.field.ImmutableTextField",
    "dataType" : "TEXT",
    "searchable" : true,
    "unique" : true,
    "indexed" : true,
    "listed" : true,
    "readOnly" : false,
    "id" : "05b6edc6-6443-4dc7-a884-f029b12e5a0d",
    "modDate" : 1512571213000,
    "name" : "Key",
    "required" : true,
    "variable" : "key",
    "sortOrder" : 1,
    "fixed" : true,
    "contentTypeId" : "f4d7c1b8-2c88-4071-abf1-a5328977b07d",
    "dbColumn" : "text1",
    "iDate" : 1504211930000
  }, {
    "clazz" : "com.dotcms.contenttype.model.field.ImmutableTextAreaField",
    "dataType" : "LONG_TEXT",
    "searchable" : true,
    "unique" : false,
    "indexed" : true,
    "listed" : true,
    "readOnly" : false,
    "id" : "c7829c13-cf47-4a20-9331-85fb314cef8e",
    "modDate" : 1512571213000,
    "name" : "Value",
    "required" : true,
    "variable" : "value",
    "sortOrder" : 2,
    "fixed" : true,
    "contentTypeId" : "f4d7c1b8-2c88-4071-abf1-a5328977b07d",
    "dbColumn" : "text_area1",
    "iDate" : 1504211930000
  } ],
  "fieldVariables" : [ ]
} ]