{"schemes":[{"id":"d61a59e1-a49c-46f2-a929-db2b4bfa88b2","creationDate":1554299002255,"name":"System Workflow","description":"","archived":false,"mandatory":false,"defaultScheme":false,"modDate":1554298044323,"entryActionId":null,"system":true}],"steps":[{"id":"6cb7e3bd-1710-4eed-8838-d3db60f78f19","creationDate":1554299002258,"name":"New","schemeId":"d61a59e1-a49c-46f2-a929-db2b4bfa88b2","myOrder":0,"resolved":false,"enableEscalation":false,"escalationAction":null,"escalationTime":0},{"id":"ee24a4cb-2d15-4c98-b1bd-6327126451f3","creationDate":1554299002260,"name":"Unpublished","schemeId":"d61a59e1-a49c-46f2-a929-db2b4bfa88b2","myOrder":1,"resolved":false,"enableEscalation":false,"escalationAction":null,"escalationTime":0},{"id":"dc3c9cd0-8467-404b-bf95-cb7df3fbc293","creationDate":1554299002261,"name":"Published","schemeId":"d61a59e1-a49c-46f2-a929-db2b4bfa88b2","myOrder":2,"resolved":true,"enableEscalation":false,"escalationAction":null,"escalationTime":0},{"id":"d6b095b6-b65f-4bdb-bbfd-701d663dfee2","creationDate":1554299002262,"name":"Archived","schemeId":"d61a59e1-a49c-46f2-a929-db2b4bfa88b2","myOrder":3,"resolved":true,"enableEscalation":false,"escalationAction":null,"escalationTime":0}],"actions":[{"id":"4da13a42-5d59-480c-ad8f-94a3adf809fe","name":"Archive","schemeId":"d61a59e1-a49c-46f2-a929-db2b4bfa88b2","condition":"","nextStep":"d6b095b6-b65f-4bdb-bbfd-701d663dfee2","nextAssign":"654b0931-1027-41f7-ad4d-173115ed8ec1","icon":"workflowIcon","roleHierarchyForAssign":false,"assignable":false,"commentable":false,"order":0,"owner":null,"nextStepCurrentStep":false,"showOn":["UNLOCKED","LISTING","UNPUBLISHED"]},{"id":"134a50d3-782d-43de-8877-42c0be1c86a4","name":"Copy","schemeId":"d61a59e1-a49c-46f2-a929-db2b4bfa88b2","condition":"","nextStep":"currentstep","nextAssign":"654b0931-1027-41f7-ad4d-173115ed8ec1","icon":"workflowIcon","roleHierarchyForAssign":false,"assignable":false,"commentable":false,"order":0,"owner":null,"nextStepCurrentStep":true,"showOn":["UNLOCKED","PUBLISHED","LISTING","LOCKED","UNPUBLISHED"]},{"id":"777f1c6b-c877-4a37-ba4b-10627316c2cc","name":"Delete","schemeId":"d61a59e1-a49c-46f2-a929-db2b4bfa88b2","condition":"","nextStep":"d6b095b6-b65f-4bdb-bbfd-701d663dfee2","nextAssign":"654b0931-1027-41f7-ad4d-173115ed8ec1","icon":"workflowIcon","roleHierarchyForAssign":false,"assignable":false,"commentable":false,"order":0,"owner":null,"nextStepCurrentStep":false,"showOn":["UNLOCKED","ARCHIVED","LOCKED"]},{"id":"000ec468-0a63-4283-beb7-fcb36c107b2f","name":"Publish","schemeId":"d61a59e1-a49c-46f2-a929-db2b4bfa88b2","condition":"","nextStep":"dc3c9cd0-8467-404b-bf95-cb7df3fbc293","nextAssign":"654b0931-1027-41f7-ad4d-173115ed8ec1","icon":"workflowIcon","roleHierarchyForAssign":false,"assignable":false,"commentable":false,"order":0,"owner":null,"nextStepCurrentStep":false,"showOn":["UNLOCKED","LISTING","LOCKED","UNPUBLISHED"]},{"id":"4958588d-9c8e-40e4-bfcb-4ded40bd099f","name":"Republish","schemeId":"d61a59e1-a49c-46f2-a929-db2b4bfa88b2","condition":"","nextStep":"dc3c9cd0-8467-404b-bf95-cb7df3fbc293","nextAssign":"654b0931-1027-41f7-ad4d-173115ed8ec1","icon":"workflowIcon","roleHierarchyForAssign":false,"assignable":false,"commentable":false,"order":0,"owner":null,"nextStepCurrentStep":false,"showOn":["UNLOCKED","PUBLISHED","UNPUBLISHED"]},{"id":"ceca71a0-deee-4999-bd47-b01baa1bcfc8","name":"Save","schemeId":"d61a59e1-a49c-46f2-a929-db2b4bfa88b2","condition":"","nextStep":"ee24a4cb-2d15-4c98-b1bd-6327126451f3","nextAssign":"654b0931-1027-41f7-ad4d-173115ed8ec1","icon":"workflowIcon","roleHierarchyForAssign":false,"assignable":false,"commentable":false,"order":0,"owner":null,"nextStepCurrentStep":false,"showOn":["NEW","EDITING","PUBLISHED","LOCKED","UNPUBLISHED"]},{"id":"b9d89c80-3d88-4311-8365-187323c96436","name":"Save / Publish","schemeId":"d61a59e1-a49c-46f2-a929-db2b4bfa88b2","condition":"","nextStep":"dc3c9cd0-8467-404b-bf95-cb7df3fbc293","nextAssign":"654b0931-1027-41f7-ad4d-173115ed8ec1","icon":"workflowIcon","roleHierarchyForAssign":false,"assignable":false,"commentable":false,"order":0,"owner":null,"nextStepCurrentStep":false,"showOn":["NEW","EDITING","PUBLISHED","LOCKED","UNPUBLISHED"]},{"id":"c92f9aa1-9503-4567-ac30-d3242b54d02d","name":"Unarchive","schemeId":"d61a59e1-a49c-46f2-a929-db2b4bfa88b2","condition":"","nextStep":"ee24a4cb-2d15-4c98-b1bd-6327126451f3","nextAssign":"654b0931-1027-41f7-ad4d-173115ed8ec1","icon":"workflowIcon","roleHierarchyForAssign":false,"assignable":false,"commentable":false,"order":0,"owner":null,"nextStepCurrentStep":false,"showOn":["UNLOCKED","ARCHIVED","LOCKED"]},{"id":"1e4e6af9-08cc-42b0-9b88-1cd2d67fdb61","name":"Unpublish","schemeId":"d61a59e1-a49c-46f2-a929-db2b4bfa88b2","condition":"","nextStep":"ee24a4cb-2d15-4c98-b1bd-6327126451f3","nextAssign":"654b0931-1027-41f7-ad4d-173115ed8ec1","icon":"workflowIcon","roleHierarchyForAssign":false,"assignable":false,"commentable":false,"order":0,"owner":null,"nextStepCurrentStep":false,"showOn":["UNLOCKED","PUBLISHED","LISTING","LOCKED"]}],"actionSteps":[{"stepId":"6cb7e3bd-1710-4eed-8838-d3db60f78f19","actionId":"ceca71a0-deee-4999-bd47-b01baa1bcfc8","actionOrder":"0"},{"stepId":"6cb7e3bd-1710-4eed-8838-d3db60f78f19","actionId":"b9d89c80-3d88-4311-8365-187323c96436","actionOrder":"1"},{"stepId":"6cb7e3bd-1710-4eed-8838-d3db60f78f19","actionId":"1e4e6af9-08cc-42b0-9b88-1cd2d67fdb61","actionOrder":"2"},{"stepId":"ee24a4cb-2d15-4c98-b1bd-6327126451f3","actionId":"4da13a42-5d59-480c-ad8f-94a3adf809fe","actionOrder":"0"},{"stepId":"ee24a4cb-2d15-4c98-b1bd-6327126451f3","actionId":"000ec468-0a63-4283-beb7-fcb36c107b2f","actionOrder":"1"},{"stepId":"ee24a4cb-2d15-4c98-b1bd-6327126451f3","actionId":"134a50d3-782d-43de-8877-42c0be1c86a4","actionOrder":"2"},{"stepId":"ee24a4cb-2d15-4c98-b1bd-6327126451f3","actionId":"ceca71a0-deee-4999-bd47-b01baa1bcfc8","actionOrder":"3"},{"stepId":"ee24a4cb-2d15-4c98-b1bd-6327126451f3","actionId":"b9d89c80-3d88-4311-8365-187323c96436","actionOrder":"4"},{"stepId":"ee24a4cb-2d15-4c98-b1bd-6327126451f3","actionId":"1e4e6af9-08cc-42b0-9b88-1cd2d67fdb61","actionOrder":"5"},{"stepId":"dc3c9cd0-8467-404b-bf95-cb7df3fbc293","actionId":"4958588d-9c8e-40e4-bfcb-4ded40bd099f","actionOrder":"0"},{"stepId":"dc3c9cd0-8467-404b-bf95-cb7df3fbc293","actionId":"1e4e6af9-08cc-42b0-9b88-1cd2d67fdb61","actionOrder":"1"},{"stepId":"dc3c9cd0-8467-404b-bf95-cb7df3fbc293","actionId":"134a50d3-782d-43de-8877-42c0be1c86a4","actionOrder":"2"},{"stepId":"dc3c9cd0-8467-404b-bf95-cb7df3fbc293","actionId":"ceca71a0-deee-4999-bd47-b01baa1bcfc8","actionOrder":"3"},{"stepId":"dc3c9cd0-8467-404b-bf95-cb7df3fbc293","actionId":"b9d89c80-3d88-4311-8365-187323c96436","actionOrder":"4"},{"stepId":"d6b095b6-b65f-4bdb-bbfd-701d663dfee2","actionId":"c92f9aa1-9503-4567-ac30-d3242b54d02d","actionOrder":"0"},{"stepId":"d6b095b6-b65f-4bdb-bbfd-701d663dfee2","actionId":"777f1c6b-c877-4a37-ba4b-10627316c2cc","actionOrder":"1"}],"actionClasses":[{"id":"74c560b7-f71d-44cd-bb33-8016abb3f0f2","actionId":"4da13a42-5d59-480c-ad8f-94a3adf809fe","name":"Archive content","order":0,"clazz":"com.dotmarketing.portlets.workflows.actionlet.ArchiveContentActionlet","actionlet":{"name":"Archive content","parameters":null,"howTo":"This actionlet will archive the content.","localizedName":"Archive Content","localizedHowto":"com.dotmarketing.portlets.workflows.actionlet.ArchiveContentActionlet.howTo","actionClass":"com.dotmarketing.portlets.workflows.actionlet.ArchiveContentActionlet"}},{"id":"6bc6def5-0565-483d-a5bf-e42d4e424bf0","actionId":"4da13a42-5d59-480c-ad8f-94a3adf809fe","name":"Unlock content","order":1,"clazz":"com.dotmarketing.portlets.workflows.actionlet.CheckinContentActionlet","actionlet":{"name":"Unlock content","parameters":null,"nextStep":null,"howTo":"This actionlet will checkin and unlock the content.","localizedName":"Unlock Content","localizedHowto":"com.dotmarketing.portlets.workflows.actionlet.CheckinContentActionlet.howTo","actionClass":"com.dotmarketing.portlets.workflows.actionlet.CheckinContentActionlet"}},{"id":"369f381e-d58b-4243-8c92-f3a40b6b801d","actionId":"134a50d3-782d-43de-8877-42c0be1c86a4","name":"Copy Contentlet","order":0,"clazz":"com.dotmarketing.portlets.workflows.actionlet.CopyActionlet","actionlet":{"name":"Copy Contentlet","parameters":[],"howTo":"This workflow actionlet copies the edited contentlet ","localizedName":"Copy Contentlet","localizedHowto":"com.dotmarketing.portlets.workflows.actionlet.CopyActionlet.howTo","actionClass":"com.dotmarketing.portlets.workflows.actionlet.CopyActionlet"}},{"id":"93f32847-87b7-4770-bd00-987446fd69b8","actionId":"777f1c6b-c877-4a37-ba4b-10627316c2cc","name":"Delete content","order":0,"clazz":"com.dotmarketing.portlets.workflows.actionlet.DeleteContentActionlet","actionlet":{"name":"Delete content","parameters":null,"howTo":"This action will delete the content. Warning: this can't be undone!","localizedName":"Delete content","localizedHowto":"com.dotmarketing.portlets.workflows.actionlet.DeleteContentActionlet.howTo","actionClass":"com.dotmarketing.portlets.workflows.actionlet.DeleteContentActionlet"}},{"id":"10494596-1368-460f-980b-51c68fd32e5f","actionId":"000ec468-0a63-4283-beb7-fcb36c107b2f","name":"Save content","order":0,"clazz":"com.dotmarketing.portlets.workflows.actionlet.SaveContentActionlet","actionlet":{"name":"Save content","parameters":null,"nextStep":null,"howTo":"This actionlet will checkin the content.","localizedName":"Save content","localizedHowto":"com.dotmarketing.portlets.workflows.actionlet.SaveContentActionlet.howTo","actionClass":"com.dotmarketing.portlets.workflows.actionlet.SaveContentActionlet"}},{"id":"3dbab869-3abd-4c8c-ab54-3f7a7d893097","actionId":"000ec468-0a63-4283-beb7-fcb36c107b2f","name":"Publish content","order":1,"clazz":"com.dotmarketing.portlets.workflows.actionlet.PublishContentActionlet","actionlet":{"name":"Publish content","parameters":null,"nextStep":null,"howTo":"This actionlet will publish the content.","localizedName":"Publish Content","localizedHowto":"com.dotmarketing.portlets.workflows.actionlet.PublishContentActionlet.howTo","actionClass":"com.dotmarketing.portlets.workflows.actionlet.PublishContentActionlet"}},{"id":"9f18823e-0a70-4e41-abbe-d356891ff044","actionId":"000ec468-0a63-4283-beb7-fcb36c107b2f","name":"Unlock content","order":2,"clazz":"com.dotmarketing.portlets.workflows.actionlet.CheckinContentActionlet","actionlet":{"name":"Unlock content","parameters":null,"nextStep":null,"howTo":"This actionlet will checkin and unlock the content.","localizedName":"Unlock Content","localizedHowto":"com.dotmarketing.portlets.workflows.actionlet.CheckinContentActionlet.howTo","actionClass":"com.dotmarketing.portlets.workflows.actionlet.CheckinContentActionlet"}},{"id":"ce09710c-aaa6-41fd-89b0-d6367a65f118","actionId":"4958588d-9c8e-40e4-bfcb-4ded40bd099f","name":"Publish content","order":0,"clazz":"com.dotmarketing.portlets.workflows.actionlet.PublishContentActionlet","actionlet":{"name":"Publish content","parameters":null,"nextStep":null,"howTo":"This actionlet will publish the content.","localizedName":"Publish Content","localizedHowto":"com.dotmarketing.portlets.workflows.actionlet.PublishContentActionlet.howTo","actionClass":"com.dotmarketing.portlets.workflows.actionlet.PublishContentActionlet"}},{"id":"61e7c4f5-cbc8-4535-a927-b9b793b7b3eb","actionId":"ceca71a0-deee-4999-bd47-b01baa1bcfc8","name":"Save content","order":0,"clazz":"com.dotmarketing.portlets.workflows.actionlet.SaveContentActionlet","actionlet":{"name":"Save content","parameters":null,"nextStep":null,"howTo":"This actionlet will checkin the content.","localizedName":"Save content","localizedHowto":"com.dotmarketing.portlets.workflows.actionlet.SaveContentActionlet.howTo","actionClass":"com.dotmarketing.portlets.workflows.actionlet.SaveContentActionlet"}},{"id":"b84879e9-545f-4436-b4c5-e76c1743d168","actionId":"b9d89c80-3d88-4311-8365-187323c96436","name":"Save content","order":0,"clazz":"com.dotmarketing.portlets.workflows.actionlet.SaveContentActionlet","actionlet":{"name":"Save content","parameters":null,"nextStep":null,"howTo":"This actionlet will checkin the content.","localizedName":"Save content","localizedHowto":"com.dotmarketing.portlets.workflows.actionlet.SaveContentActionlet.howTo","actionClass":"com.dotmarketing.portlets.workflows.actionlet.SaveContentActionlet"}},{"id":"9aacba54-b6f4-424c-97f2-56019cbdbbc7","actionId":"b9d89c80-3d88-4311-8365-187323c96436","name":"Publish content","order":1,"clazz":"com.dotmarketing.portlets.workflows.actionlet.PublishContentActionlet","actionlet":{"name":"Publish content","parameters":null,"nextStep":null,"howTo":"This actionlet will publish the content.","localizedName":"Publish Content","localizedHowto":"com.dotmarketing.portlets.workflows.actionlet.PublishContentActionlet.howTo","actionClass":"com.dotmarketing.portlets.workflows.actionlet.PublishContentActionlet"}},{"id":"108df3c4-d0fa-4007-bbb6-075acd7fa407","actionId":"b9d89c80-3d88-4311-8365-187323c96436","name":"Unlock content","order":2,"clazz":"com.dotmarketing.portlets.workflows.actionlet.CheckinContentActionlet","actionlet":{"name":"Unlock content","parameters":null,"nextStep":null,"howTo":"This actionlet will checkin and unlock the content.","localizedName":"Unlock Content","localizedHowto":"com.dotmarketing.portlets.workflows.actionlet.CheckinContentActionlet.howTo","actionClass":"com.dotmarketing.portlets.workflows.actionlet.CheckinContentActionlet"}},{"id":"a766e1a8-dd14-4b6a-b39e-98db6a258623","actionId":"c92f9aa1-9503-4567-ac30-d3242b54d02d","name":"Unarchive content","order":0,"clazz":"com.dotmarketing.portlets.workflows.actionlet.UnarchiveContentActionlet","actionlet":{"name":"Unarchive content","parameters":null,"nextStep":null,"howTo":"This actionlet will un archive the content and return it to a working state","localizedName":"Unarchive Content","localizedHowto":"com.dotmarketing.portlets.workflows.actionlet.UnarchiveContentActionlet.howTo","actionClass":"com.dotmarketing.portlets.workflows.actionlet.UnarchiveContentActionlet"}},{"id":"3d96eaa4-8c26-4d5b-99c5-6377cabb0bae","actionId":"1e4e6af9-08cc-42b0-9b88-1cd2d67fdb61","name":"Unpublish content","order":0,"clazz":"com.dotmarketing.portlets.workflows.actionlet.UnpublishContentActionlet","actionlet":{"name":"Unpublish content","parameters":null,"nextStep":null,"howTo":"This actionlet will unpublish the content.","localizedName":"Unpublish Content","localizedHowto":"com.dotmarketing.portlets.workflows.actionlet.UnpublishContentActionlet.howTo","actionClass":"com.dotmarketing.portlets.workflows.actionlet.UnpublishContentActionlet"}}],"actionClassParams":[],"workflowStructures":[{"scheme_id":"d61a59e1-a49c-46f2-a929-db2b4bfa88b2","rownumber":"0","structure_id":"8e850645-bb92-4fda-a765-e67063a59be0","id":"1cd8cfd2-8e2b-45aa-82de-3d0913d6d781","oddoreven":"0"},{"scheme_id":"d61a59e1-a49c-46f2-a929-db2b4bfa88b2","rownumber":"1","structure_id":"33888b6f-7a8e-4069-b1b6-5c1aa9d0a48d","id":"2055c829-2fea-4373-aae3-acb5f443b534","oddoreven":"1"},{"scheme_id":"d61a59e1-a49c-46f2-a929-db2b4bfa88b2","rownumber":"2","structure_id":"c938b15f-bcb6-49ef-8651-14d455a97045","id":"2e85738e-1d59-4001-ba50-cd90d972ec15","oddoreven":"0"},{"scheme_id":"d61a59e1-a49c-46f2-a929-db2b4bfa88b2","rownumber":"3","structure_id":"855a2d72-f2f3-4169-8b04-ac5157c4380c","id":"46a87977-b97f-4e9a-b828-5432cfa60375","oddoreven":"1"},{"scheme_id":"d61a59e1-a49c-46f2-a929-db2b4bfa88b2","rownumber":"4","structure_id":"f6259cc9-5d78-453e-8167-efd7b72b2e96","id":"49cae15d-3e43-4aab-bdd2-59a5dc2c8bb8","oddoreven":"0"},{"scheme_id":"d61a59e1-a49c-46f2-a929-db2b4bfa88b2","rownumber":"5","structure_id":"2a3e91e4-fbbf-4876-8c5b-2233c1739b05","id":"762938dc-7197-45f8-bfe5-b1d4f0c58f70","oddoreven":"1"},{"scheme_id":"d61a59e1-a49c-46f2-a929-db2b4bfa88b2","rownumber":"6","structure_id":"c541abb1-69b3-4bc5-8430-5e09e5239cc8","id":"8ec3ca0e-df08-408f-b1a9-9e42d7c8492f","oddoreven":"0"},{"scheme_id":"d61a59e1-a49c-46f2-a929-db2b4bfa88b2","rownumber":"7","structure_id":"4d21b6d8-1711-4ae6-9419-89e2b1ae5a06","id":"d63ea7b9-1aac-425e-b354-aee18b662d94","oddoreven":"1"},{"scheme_id":"d61a59e1-a49c-46f2-a929-db2b4bfa88b2","rownumber":"8","structure_id":"f4d7c1b8-2c88-4071-abf1-a5328977b07d","id":"eb1be146-b96e-4794-b8b4-5b7ba06afbb1","oddoreven":"0"}]}