{"schemes":[{"id":"85c1515c-c4f3-463c-bac2-860b8fcacc34","creationDate":1512571706896,"name":"Default Scheme","description":"This is the default workflow scheme that will be applied to all content","archived":false,"mandatory":false,"defaultScheme":true,"modDate":1512571213000,"entryActionId":null}],"steps":[{"id":"f7dc56cd-aa81-4ca8-8174-1bb30756df82","creationDate":1512571706898,"name":"Initial State","schemeId":"85c1515c-c4f3-463c-bac2-860b8fcacc34","myOrder":0,"resolved":true,"enableEscalation":false,"escalationAction":null,"escalationTime":0},{"id":"43e16aac-5799-46d0-945c-83753af39426","creationDate":1512571706899,"name":"Content Entry","schemeId":"85c1515c-c4f3-463c-bac2-860b8fcacc34","myOrder":1,"resolved":false,"enableEscalation":false,"escalationAction":null,"escalationTime":0},{"id":"b1246a0f-6d15-47aa-81bb-67919a6946e0","creationDate":1512571706899,"name":"Closed","schemeId":"85c1515c-c4f3-463c-bac2-860b8fcacc34","myOrder":2,"resolved":true,"enableEscalation":false,"escalationAction":null,"escalationTime":0}],"actions":[{"id":"44d4d4cd-c812-49db-adb1-1030be73e69a","name":"Assign Workflow","stepId":"f7dc56cd-aa81-4ca8-8174-1bb30756df82","condition":"","nextStep":"43e16aac-5799-46d0-945c-83753af39426","nextAssign":"654b0931-1027-41f7-ad4d-173115ed8ec1","icon":"workflowIcon","roleHierarchyForAssign":false,"requiresCheckout":true,"order":0,"assignable":true,"commentable":true,"owner":null},{"id":"f0f370ae-51c6-4be0-b48d-37ee098ca45b","name":"Reassign Workflow","stepId":"43e16aac-5799-46d0-945c-83753af39426","condition":"","nextStep":"43e16aac-5799-46d0-945c-83753af39426","nextAssign":"654b0931-1027-41f7-ad4d-173115ed8ec1","icon":"workflowIcon","roleHierarchyForAssign":false,"requiresCheckout":false,"order":0,"assignable":true,"commentable":true,"owner":null},{"id":"c8a03c24-277a-49a5-b5e0-7f99490a004d","name":"Resolve Workflow","stepId":"43e16aac-5799-46d0-945c-83753af39426","condition":"","nextStep":"b1246a0f-6d15-47aa-81bb-67919a6946e0","nextAssign":"654b0931-1027-41f7-ad4d-173115ed8ec1","icon":"workflowIcon","roleHierarchyForAssign":false,"requiresCheckout":false,"order":1,"assignable":false,"commentable":false,"owner":null},{"id":"ced34d22-b1ed-4a6e-a89b-e5f93192cc3f","name":"Reopen","stepId":"b1246a0f-6d15-47aa-81bb-67919a6946e0","condition":"","nextStep":"43e16aac-5799-46d0-945c-83753af39426","nextAssign":"654b0931-1027-41f7-ad4d-173115ed8ec1","icon":"workflowIcon","roleHierarchyForAssign":false,"requiresCheckout":false,"order":0,"assignable":true,"commentable":true,"owner":null}],"actionClasses":[{"id":"6549d2e9-b63e-4d82-a896-49350aab54c1","actionId":"44d4d4cd-c812-49db-adb1-1030be73e69a","name":"Notify Assignee","order":0,"clazz":"com.dotmarketing.portlets.workflows.actionlet.NotifyAssigneeActionlet","actionlet":{"name":"Notify Assignee","parameters":[{"displayName":"Email Subject","key":"emailSubject","defaultValue":"","required":false},{"displayName":"Email Message","key":"emailBody","defaultValue":null,"required":false},{"displayName":"Is Html?","key":"isHtml","defaultValue":"true","required":false}],"nextStep":null,"howTo":"This actionlet will send an email to the assignee (or assignees if the next assign is a role).  It uses a default email subject and message, but can be overridden.  Both the subject and message are parsed Velocity, and have access to a $workflow object that gives them $workflow.task, $workflow.nextAssign, $workflow.action, $workflow.step, etc.. ","localizedName":"Notify Assignee","localizedHowto":"com.dotmarketing.portlets.workflows.actionlet.NotifyAssigneeActionlet.howTo"}},{"id":"d5baa5e7-4113-40a8-b30c-f31b3c3a6b9e","actionId":"f0f370ae-51c6-4be0-b48d-37ee098ca45b","name":"Notify Assignee","order":0,"clazz":"com.dotmarketing.portlets.workflows.actionlet.NotifyAssigneeActionlet","actionlet":{"name":"Notify Assignee","parameters":[{"displayName":"Email Subject","key":"emailSubject","defaultValue":"","required":false},{"displayName":"Email Message","key":"emailBody","defaultValue":null,"required":false},{"displayName":"Is Html?","key":"isHtml","defaultValue":"true","required":false}],"nextStep":null,"howTo":"This actionlet will send an email to the assignee (or assignees if the next assign is a role).  It uses a default email subject and message, but can be overridden.  Both the subject and message are parsed Velocity, and have access to a $workflow object that gives them $workflow.task, $workflow.nextAssign, $workflow.action, $workflow.step, etc.. ","localizedName":"Notify Assignee","localizedHowto":"com.dotmarketing.portlets.workflows.actionlet.NotifyAssigneeActionlet.howTo"}},{"id":"0e6fa07d-fa36-4883-a81a-4d2ab99a1bbd","actionId":"ced34d22-b1ed-4a6e-a89b-e5f93192cc3f","name":"Notify Assignee","order":0,"clazz":"com.dotmarketing.portlets.workflows.actionlet.NotifyAssigneeActionlet","actionlet":{"name":"Notify Assignee","parameters":[{"displayName":"Email Subject","key":"emailSubject","defaultValue":"","required":false},{"displayName":"Email Message","key":"emailBody","defaultValue":null,"required":false},{"displayName":"Is Html?","key":"isHtml","defaultValue":"true","required":false}],"nextStep":null,"howTo":"This actionlet will send an email to the assignee (or assignees if the next assign is a role).  It uses a default email subject and message, but can be overridden.  Both the subject and message are parsed Velocity, and have access to a $workflow object that gives them $workflow.task, $workflow.nextAssign, $workflow.action, $workflow.step, etc.. ","localizedName":"Notify Assignee","localizedHowto":"com.dotmarketing.portlets.workflows.actionlet.NotifyAssigneeActionlet.howTo"}}],"actionClassParams":[],"workflowStructures":[]}