START TRANSACTION;
set foreign_key_checks=0;

## INODES
INSERT INTO `inode` (`inode`, `owner`, `idate`, `type`) VALUES ('00c65b24-8f22-44d9-a36f-2eaf7a1ee839',NULL,'2011-07-05 10:27:51','field');
INSERT INTO `inode` (`inode`, `owner`, `idate`, `type`) VALUES ('01f23a87-9859-4860-8368-f70a6ba9687f',NULL,'2009-11-17 12:55:31','field');
INSERT INTO `inode` (`inode`, `owner`, `idate`, `type`) VALUES ('02d02031-ef53-43f2-9845-6a2a85538072',NULL,'2010-06-17 14:54:11','field');
INSERT INTO `inode` (`inode`, `owner`, `idate`, `type`) VALUES ('04b1cdea-6c48-4a1b-bf47-6edfd5091246',NULL,'2010-04-20 10:46:18','field');
INSERT INTO `inode` (`inode`, `owner`, `idate`, `type`) VALUES ('05b6edc6-6443-4dc7-a884-f029b12e5a0d',NULL,'2017-08-31 16:38:50','field');
INSERT INTO `inode` (`inode`, `owner`, `idate`, `type`) VALUES ('07cfbc2c-47de-4c78-a411-176fe8bb24a5',NULL,'2015-12-16 16:56:43','field');
INSERT INTO `inode` (`inode`, `owner`, `idate`, `type`) VALUES ('0b91b302-2d62-4af1-bee5-12f2222c97c7',NULL,'2010-02-25 19:56:21','field');
INSERT INTO `inode` (`inode`, `owner`, `idate`, `type`) VALUES ('0ea2bd92-4b2d-48a2-a394-77fd560b1fce',NULL,'2015-12-16 16:56:43','field');
INSERT INTO `inode` (`inode`, `owner`, `idate`, `type`) VALUES ('1677ca4f-e46f-449f-ae59-4952fb567e5e',NULL,'2015-01-16 08:51:06','field');
INSERT INTO `inode` (`inode`, `owner`, `idate`, `type`) VALUES ('1700770a-7f33-4bb3-9ac3-f053da7c42c8',NULL,'2011-07-05 14:06:01','field');
INSERT INTO `inode` (`inode`, `owner`, `idate`, `type`) VALUES ('1aa4bbc6-d30e-4b43-8f13-d6e8f2a58a52',NULL,'2015-01-16 08:51:06','field');
INSERT INTO `inode` (`inode`, `owner`, `idate`, `type`) VALUES ('1da87215-92d1-499c-aeda-517d54114ead',NULL,'2010-12-24 09:55:15','field');
INSERT INTO `inode` (`inode`, `owner`, `idate`, `type`) VALUES ('1f4b74e2-d00f-4245-840d-f84297438069',NULL,'2010-12-24 09:55:15','field');
INSERT INTO `inode` (`inode`, `owner`, `idate`, `type`) VALUES ('23b5f1be-935e-442e-be48-1cf2d1c96d71',NULL,'2015-01-16 08:51:06','field');
INSERT INTO `inode` (`inode`, `owner`, `idate`, `type`) VALUES ('2765c954-702c-4999-a2f2-e8a3de2239d7',NULL,'2011-07-05 10:27:51','field');
INSERT INTO `inode` (`inode`, `owner`, `idate`, `type`) VALUES ('280f79fd-2c84-4840-8672-0651558974bd',NULL,'2011-12-15 17:19:15','field');
INSERT INTO `inode` (`inode`, `owner`, `idate`, `type`) VALUES ('28a791c8-67b9-4797-b036-bbad65a57ee7',NULL,'2010-02-25 19:56:21','field');
INSERT INTO `inode` (`inode`, `owner`, `idate`, `type`) VALUES ('2a3e91e4-fbbf-4876-8c5b-2233c1739b05',NULL,'2017-03-09 14:51:36','structure');
INSERT INTO `inode` (`inode`, `owner`, `idate`, `type`) VALUES ('2a918837-0e1f-41b9-8fc0-e8fca2a1bff4',NULL,'2010-02-25 19:56:21','field');
INSERT INTO `inode` (`inode`, `owner`, `idate`, `type`) VALUES ('2d9bd5ac-ee66-4523-94a7-05897c609a98',NULL,'2010-07-19 09:55:18','field');
INSERT INTO `inode` (`inode`, `owner`, `idate`, `type`) VALUES ('2dab7223-ebb5-411b-922f-611a30bc2a2b',NULL,'2015-12-16 16:56:43','field');
INSERT INTO `inode` (`inode`, `owner`, `idate`, `type`) VALUES ('2f00a11d-f64c-4f8f-8126-238cc01fbf96',NULL,'2011-03-25 16:30:05','field');
INSERT INTO `inode` (`inode`, `owner`, `idate`, `type`) VALUES ('303af3a6-1250-432c-b300-0e073f60c3a3',NULL,'2011-07-05 10:27:51','field');
INSERT INTO `inode` (`inode`, `owner`, `idate`, `type`) VALUES ('314c6664-d8be-452b-acca-d62d908b4a34',NULL,'2010-12-24 09:55:15','field');
INSERT INTO `inode` (`inode`, `owner`, `idate`, `type`) VALUES ('31519868-f318-4447-88e7-0ffc2fe4b2cd',NULL,'2011-07-18 17:24:25','field');
INSERT INTO `inode` (`inode`, `owner`, `idate`, `type`) VALUES ('33888b6f-7a8e-4069-b1b6-5c1aa9d0a48d','system','2011-12-15 17:19:14','structure');
INSERT INTO `inode` (`inode`, `owner`, `idate`, `type`) VALUES ('33e793f0-f1dc-4986-847b-5b0a529b4373',NULL,'2010-02-25 19:56:21','field');
INSERT INTO `inode` (`inode`, `owner`, `idate`, `type`) VALUES ('36d16a40-2ec2-474e-a1cd-c35786a8284b',NULL,'2011-07-05 10:27:51','field');
INSERT INTO `inode` (`inode`, `owner`, `idate`, `type`) VALUES ('375341a2-0912-422f-b903-2602b6105c70','','2011-11-17 13:57:07','category');
INSERT INTO `inode` (`inode`, `owner`, `idate`, `type`) VALUES ('3b7f25bb-c5be-48bb-b00b-5b1b754e550c',NULL,'2017-08-31 16:38:49','field');
INSERT INTO `inode` (`inode`, `owner`, `idate`, `type`) VALUES ('3bceabd2-a59d-4ad7-86f2-b557bfc205bb',NULL,'2011-12-15 17:19:15','field');
INSERT INTO `inode` (`inode`, `owner`, `idate`, `type`) VALUES ('3d49c7d0-75a7-4e2e-b44a-e66e763271c9','dotcms.org.1','2017-12-05 18:37:08','contentlet');
INSERT INTO `inode` (`inode`, `owner`, `idate`, `type`) VALUES ('40f1dd0a-d4dd-4ce7-abef-0bc1ce711bb4',NULL,'2010-12-24 09:55:15','field');
INSERT INTO `inode` (`inode`, `owner`, `idate`, `type`) VALUES ('4242af9d-2cc9-440f-a136-c92f1fe0e65a',NULL,'2011-07-07 14:21:07','field');
INSERT INTO `inode` (`inode`, `owner`, `idate`, `type`) VALUES ('468512c0-423e-4f1a-b94c-7cf8b064260a',NULL,'2011-12-15 17:19:15','field');
INSERT INTO `inode` (`inode`, `owner`, `idate`, `type`) VALUES ('46c9ead3-f501-42ca-9ac6-289ef109809f',NULL,'2011-12-15 17:19:15','field');
INSERT INTO `inode` (`inode`, `owner`, `idate`, `type`) VALUES ('49c5bd96-d70c-441c-9c5f-7ccaa8e7ff9a',NULL,'2010-02-25 12:57:09','field');
INSERT INTO `inode` (`inode`, `owner`, `idate`, `type`) VALUES ('49f3803a-b2b0-4e03-bb2e-d1bb2a1c135e',NULL,'2017-08-31 16:38:49','field');
INSERT INTO `inode` (`inode`, `owner`, `idate`, `type`) VALUES ('4d21b6d8-1711-4ae6-9419-89e2b1ae5a06','system','2013-12-04 22:00:52','structure');
INSERT INTO `inode` (`inode`, `owner`, `idate`, `type`) VALUES ('4e01f028-dbf8-41f6-8c3d-92c89e00ddbd',NULL,'2010-04-29 15:20:23','field');
INSERT INTO `inode` (`inode`, `owner`, `idate`, `type`) VALUES ('4e20dfbc-3952-4ca6-b2b6-b40aad8dc42d',NULL,'2011-07-18 17:24:25','field');
INSERT INTO `inode` (`inode`, `owner`, `idate`, `type`) VALUES ('4e64a309-8c5e-48cf-b4a9-e724a5e09575',NULL,'2017-08-31 16:38:49','field');
INSERT INTO `inode` (`inode`, `owner`, `idate`, `type`) VALUES ('5074b1c3-0bc3-495f-be95-72c82d749a67',NULL,'2010-12-24 09:55:15','field');
INSERT INTO `inode` (`inode`, `owner`, `idate`, `type`) VALUES ('52c92b4e-ab2f-43df-a423-fed67c733e78',NULL,'2010-02-25 19:56:21','field');
INSERT INTO `inode` (`inode`, `owner`, `idate`, `type`) VALUES ('5919331b-62f3-45e7-bd80-0ddbe0bf297a',NULL,'2010-02-25 19:56:21','field');
INSERT INTO `inode` (`inode`, `owner`, `idate`, `type`) VALUES ('5a3bcf8b-0939-4996-b8c8-57bc76ad5fef',NULL,'2010-12-24 09:55:15','field');
INSERT INTO `inode` (`inode`, `owner`, `idate`, `type`) VALUES ('5c6e0bff-cfeb-44c6-86e2-a0ba40e7b66c',NULL,'2010-02-23 22:06:24','field');
INSERT INTO `inode` (`inode`, `owner`, `idate`, `type`) VALUES ('5ee13991-970e-4a0b-b5e8-6547d7bb3bf2',NULL,'2010-04-29 15:21:31','field');
INSERT INTO `inode` (`inode`, `owner`, `idate`, `type`) VALUES ('606ac3af-63e5-4bd4-bfa1-c4c672bb8eb8',NULL,'2015-12-16 16:56:43','field');
INSERT INTO `inode` (`inode`, `owner`, `idate`, `type`) VALUES ('65e4e742-d87a-47ff-84ef-fde44e889e27',NULL,'2015-12-16 16:56:43','field');
INSERT INTO `inode` (`inode`, `owner`, `idate`, `type`) VALUES ('6b25d960-034d-4030-b785-89cc01baaa3d',NULL,'2015-12-16 16:56:43','field');
INSERT INTO `inode` (`inode`, `owner`, `idate`, `type`) VALUES ('6b33d6be-d197-4f9e-8fc3-d20d36e08c75',NULL,'2017-06-14 16:30:33','field');
INSERT INTO `inode` (`inode`, `owner`, `idate`, `type`) VALUES ('71f3043a-d1c1-4d71-b37a-787334117b2a',NULL,'2011-07-05 10:27:51','field');
INSERT INTO `inode` (`inode`, `owner`, `idate`, `type`) VALUES ('74715ca5-6f1c-4580-b511-f91dbe5ad703',NULL,'2010-12-24 09:55:15','field');
INSERT INTO `inode` (`inode`, `owner`, `idate`, `type`) VALUES ('7adb7ed2-4c15-4399-9675-c32f84ba8ff9',NULL,'2010-02-25 19:56:20','field');
INSERT INTO `inode` (`inode`, `owner`, `idate`, `type`) VALUES ('7e438b93-b631-4812-9c9c-331b03e6b1cd',NULL,'2017-08-31 16:38:49','field');
INSERT INTO `inode` (`inode`, `owner`, `idate`, `type`) VALUES ('8377586d-ac40-43b9-81ce-55b64f24433b',NULL,'2009-11-17 12:55:31','field');
INSERT INTO `inode` (`inode`, `owner`, `idate`, `type`) VALUES ('855a2d72-f2f3-4169-8b04-ac5157c4380c',NULL,'2016-03-28 15:10:14','structure');
INSERT INTO `inode` (`inode`, `owner`, `idate`, `type`) VALUES ('8859f1ed-84ad-4105-acda-5d5d29553d9b',NULL,'2017-06-14 16:30:33','field');
INSERT INTO `inode` (`inode`, `owner`, `idate`, `type`) VALUES ('8d699885-867b-4b96-bff9-1198e96f8941',NULL,'2010-12-24 09:55:15','field');
INSERT INTO `inode` (`inode`, `owner`, `idate`, `type`) VALUES ('8e850645-bb92-4fda-a765-e67063a59be0','system','2017-08-31 16:38:49','structure');
INSERT INTO `inode` (`inode`, `owner`, `idate`, `type`) VALUES ('95b191a7-a28e-463f-bb0f-e0d36fb40022',NULL,'2015-05-28 11:26:35','field');
INSERT INTO `inode` (`inode`, `owner`, `idate`, `type`) VALUES ('98e9924d-8847-4ceb-a2a7-19508c3c1106',NULL,'2010-04-23 10:26:58','field');
INSERT INTO `inode` (`inode`, `owner`, `idate`, `type`) VALUES ('99ac031c-7d72-4b08-bedd-37a71b594950',NULL,'2015-01-16 08:51:06','field');
INSERT INTO `inode` (`inode`, `owner`, `idate`, `type`) VALUES ('9ae3e58a-75c9-4e4a-90f3-6f0d5f32a6f0',NULL,'2017-08-31 16:38:49','field');
INSERT INTO `inode` (`inode`, `owner`, `idate`, `type`) VALUES ('9b477a15-5ea4-4727-8b2b-034a862d87e4','dotcms.org.1','2017-12-05 18:37:15','contentlet');
INSERT INTO `inode` (`inode`, `owner`, `idate`, `type`) VALUES ('9e194425-7cea-45b1-81b9-aa53b4f9641e',NULL,'2011-12-15 17:19:15','field');
INSERT INTO `inode` (`inode`, `owner`, `idate`, `type`) VALUES ('9f5a97dc-703c-4721-9cce-29478671558b',NULL,'2010-02-23 22:05:55','field');
INSERT INTO `inode` (`inode`, `owner`, `idate`, `type`) VALUES ('a007def2-896d-4fd1-843b-d3abb5305f3f',NULL,'2013-12-04 21:41:40','structure');
INSERT INTO `inode` (`inode`, `owner`, `idate`, `type`) VALUES ('a0712c61-06ec-4019-a148-21d53fe05f92',NULL,'2009-11-17 12:55:31','field');
INSERT INTO `inode` (`inode`, `owner`, `idate`, `type`) VALUES ('a1bfbb4f-b78b-4197-94e7-917f4e812043',NULL,'2015-01-16 08:51:06','field');
INSERT INTO `inode` (`inode`, `owner`, `idate`, `type`) VALUES ('a8ee0bef-3f5b-4572-9a24-c4d0112548c4',NULL,'2010-12-24 09:55:15','field');
INSERT INTO `inode` (`inode`, `owner`, `idate`, `type`) VALUES ('a9fc7b76-5681-453a-b920-b63fba63fba5',NULL,'2014-09-26 09:09:52','template');
INSERT INTO `inode` (`inode`, `owner`, `idate`, `type`) VALUES ('b0d65eee-b050-4fa2-bcf6-4016dc4e20af',NULL,'2015-01-16 08:51:06','field');
INSERT INTO `inode` (`inode`, `owner`, `idate`, `type`) VALUES ('b48eb11e-8de0-417d-a768-46fa4d0e0b5c',NULL,'2010-12-24 09:55:15','field');
INSERT INTO `inode` (`inode`, `owner`, `idate`, `type`) VALUES ('b6ac789e-6c04-4aa4-92d0-b5348b1341cd',NULL,'2011-07-05 10:27:51','field');
INSERT INTO `inode` (`inode`, `owner`, `idate`, `type`) VALUES ('b889dbf8-5e2c-4537-9f2b-024892cf2928',NULL,'2011-12-15 17:19:15','field');
INSERT INTO `inode` (`inode`, `owner`, `idate`, `type`) VALUES ('ba99667c-87be-44cd-82b6-4aa7bb157ac7',NULL,'2015-01-16 08:51:06','field');
INSERT INTO `inode` (`inode`, `owner`, `idate`, `type`) VALUES ('bca1a66b-4ab0-44aa-b73c-502390d4b4f1',NULL,'2010-04-20 10:49:20','field');
INSERT INTO `inode` (`inode`, `owner`, `idate`, `type`) VALUES ('bf73876b-8517-4123-a0ec-d862ba6e8797',NULL,'2015-01-16 08:51:06','field');
INSERT INTO `inode` (`inode`, `owner`, `idate`, `type`) VALUES ('c4628fad-9122-404a-8248-faaac4e6c29f',NULL,'2009-11-17 12:55:31','field');
INSERT INTO `inode` (`inode`, `owner`, `idate`, `type`) VALUES ('c46e28fd-38e9-46d2-ab04-168b18cbde23',NULL,'2010-12-24 09:55:15','field');
INSERT INTO `inode` (`inode`, `owner`, `idate`, `type`) VALUES ('c50906a6-dafb-4348-a185-a9334448813c',NULL,'2015-01-16 08:51:06','field');
INSERT INTO `inode` (`inode`, `owner`, `idate`, `type`) VALUES ('c541abb1-69b3-4bc5-8430-5e09e5239cc8','system','2015-05-28 11:26:34','structure');
INSERT INTO `inode` (`inode`, `owner`, `idate`, `type`) VALUES ('c623cd2f-6653-47d8-9825-1153061ea088',NULL,'2015-01-16 08:51:06','field');
INSERT INTO `inode` (`inode`, `owner`, `idate`, `type`) VALUES ('c6960e09-8eb1-431e-8a5d-fa22d91cd6f1',NULL,'2011-12-15 17:19:15','field');
INSERT INTO `inode` (`inode`, `owner`, `idate`, `type`) VALUES ('c7829c13-cf47-4a20-9331-85fb314cef8e',NULL,'2017-08-31 16:38:50','field');
INSERT INTO `inode` (`inode`, `owner`, `idate`, `type`) VALUES ('c7849b12-f7d8-4810-8ec9-e603faed954f',NULL,'2010-06-29 15:58:52','field');
INSERT INTO `inode` (`inode`, `owner`, `idate`, `type`) VALUES ('c938b15f-bcb6-49ef-8651-14d455a97045','system','2015-12-16 16:56:43','structure');
INSERT INTO `inode` (`inode`, `owner`, `idate`, `type`) VALUES ('caff77fa-1cc7-4007-8b81-961ee7c428ac',NULL,'2014-09-02 14:48:10','template');
INSERT INTO `inode` (`inode`, `owner`, `idate`, `type`) VALUES ('cf46e80e-7b1f-40b1-b9c7-fb837af60d38',NULL,'2010-12-24 09:55:15','field');
INSERT INTO `inode` (`inode`, `owner`, `idate`, `type`) VALUES ('cf5d08aa-7ff0-4fc8-a6ac-5a36e82cd741',NULL,'2011-12-15 17:19:14','field');
INSERT INTO `inode` (`inode`, `owner`, `idate`, `type`) VALUES ('d12a2a4f-45f1-4194-95e3-338865e7afde',NULL,'2017-06-14 16:30:33','field');
INSERT INTO `inode` (`inode`, `owner`, `idate`, `type`) VALUES ('d8a7431e-140d-4076-bf07-17fdfad6a14e',NULL,'2015-01-16 08:51:06','field');
INSERT INTO `inode` (`inode`, `owner`, `idate`, `type`) VALUES ('dbdec5e2-c02b-4cfb-83a9-4a4c4f3b2eb0','system','2009-11-17 12:55:33','contentlet');
INSERT INTO `inode` (`inode`, `owner`, `idate`, `type`) VALUES ('de4fea7f-4d8f-48eb-8a63-20772dced99a',NULL,'2017-08-31 16:38:49','field');
INSERT INTO `inode` (`inode`, `owner`, `idate`, `type`) VALUES ('dfc5f28d-d47e-4007-869a-f2d5cfbc3d39',NULL,'2015-01-16 08:51:06','field');
INSERT INTO `inode` (`inode`, `owner`, `idate`, `type`) VALUES ('e2b867d4-f15d-46cf-904e-a537cc2df541',NULL,'2011-07-05 10:27:51','field');
INSERT INTO `inode` (`inode`, `owner`, `idate`, `type`) VALUES ('e633ab20-0aa1-4ed1-b052-82a711af61df',NULL,'2015-01-16 08:51:06','field');
INSERT INTO `inode` (`inode`, `owner`, `idate`, `type`) VALUES ('e663f6bc-c6c4-4676-8be4-fa71fdb0cdd3',NULL,'2011-07-05 10:27:51','field');
INSERT INTO `inode` (`inode`, `owner`, `idate`, `type`) VALUES ('ea67f7b5-d7b4-4f7c-ae1a-5c008f3a8a16',NULL,'2010-12-24 09:55:15','field');
INSERT INTO `inode` (`inode`, `owner`, `idate`, `type`) VALUES ('ec8cc36f-6058-4ab5-9bfb-fc36ab011ee5',NULL,'2009-11-17 12:55:31','field');
INSERT INTO `inode` (`inode`, `owner`, `idate`, `type`) VALUES ('ed892f16-a88e-4cdc-b9c3-8324709f8a21',NULL,'2010-02-25 19:56:21','field');
INSERT INTO `inode` (`inode`, `owner`, `idate`, `type`) VALUES ('f00b3844-820d-4967-9f8e-0cce68d22b13',NULL,'2015-01-16 08:51:06','field');
INSERT INTO `inode` (`inode`, `owner`, `idate`, `type`) VALUES ('f07d5eeb-609c-414a-83c7-948fce643e99',NULL,'2011-12-15 17:19:15','field');
INSERT INTO `inode` (`inode`, `owner`, `idate`, `type`) VALUES ('f231c8a7-9606-4823-8185-6e2172fd5506',NULL,'2010-12-24 09:55:15','field');
INSERT INTO `inode` (`inode`, `owner`, `idate`, `type`) VALUES ('f41dcc3c-36ce-4ea5-a621-23011936c418',NULL,'2010-04-29 15:22:24','field');
INSERT INTO `inode` (`inode`, `owner`, `idate`, `type`) VALUES ('f450cd53-6a33-4684-9d3f-4c0bdc5c362d',NULL,'2016-03-28 15:10:11','field');
INSERT INTO `inode` (`inode`, `owner`, `idate`, `type`) VALUES ('f49faf40-ae06-48b4-8801-cf169c9d2eb7',NULL,'2011-12-15 17:19:15','field');
INSERT INTO `inode` (`inode`, `owner`, `idate`, `type`) VALUES ('f4d7c1b8-2c88-4071-abf1-a5328977b07d','system','2017-08-31 16:38:49','structure');
INSERT INTO `inode` (`inode`, `owner`, `idate`, `type`) VALUES ('f6259cc9-5d78-453e-8167-efd7b72b2e96',NULL,'2014-08-05 11:18:23','structure');
INSERT INTO `inode` (`inode`, `owner`, `idate`, `type`) VALUES ('fe73df6d-9b92-4120-862e-c48c0a2a812d',NULL,'2011-07-05 10:27:51','field');
INSERT INTO `inode` (`inode`, `owner`, `idate`, `type`) VALUES ('ff462f88-d9e1-4d31-b084-b73cb61976d3','dotcms.org.1','2017-12-05 18:37:02','contentlet');
INSERT INTO `inode` (`inode`, `owner`, `idate`, `type`) VALUES ('SYSTEM_FOLDER','system','2009-10-08 16:27:18','folder');

## LAYOUTS
INSERT INTO `cms_layout` (`id`, `layout_name`, `description`, `tab_order`) VALUES ('34885ddb-3537-4a79-a02c-0550c5087d5c','Home','fa-home',0);
INSERT INTO `cms_layout` (`id`, `layout_name`, `description`, `tab_order`) VALUES ('56fedb43-dbbf-4ce2-8b77-41fb73bad015','Types & Tags','fa-file-text',5);
INSERT INTO `cms_layout` (`id`, `layout_name`, `description`, `tab_order`) VALUES ('71b8a1ca-37b6-4b6e-a43b-c7482f28db6c','Content','fa-folder-open',3);
INSERT INTO `cms_layout` (`id`, `layout_name`, `description`, `tab_order`) VALUES ('89594b95-1354-4a63-8867-c922880107df','Marketing','fa-bullseye',4);
INSERT INTO `cms_layout` (`id`, `layout_name`, `description`, `tab_order`) VALUES ('931f0b26-92c1-420b-8fbf-e48089040921','Site Editor','fa-sitemap',1);
INSERT INTO `cms_layout` (`id`, `layout_name`, `description`, `tab_order`) VALUES ('a6be06c3-ce1b-4e35-a5df-ba7bbe6220d1','CMS Admin','Permissions & Maintenance',0);
INSERT INTO `cms_layout` (`id`, `layout_name`, `description`, `tab_order`) VALUES ('a8e430e3-8010-40cf-ade1-5978e61241a8','System','fa-cog',100);
INSERT INTO `cms_layout` (`id`, `layout_name`, `description`, `tab_order`) VALUES ('aa91172e-0fa6-482e-9a8b-1c202c7fca0e','Dev Tools','fa-code',6);
INSERT INTO `cms_layout` (`id`, `layout_name`, `description`, `tab_order`) VALUES ('b7ab5d3c-5ee0-4195-a17e-8f5579d718dd','Site','fa-sitemap',2);

## PORTLETS
INSERT INTO `cms_layouts_portlets` (`id`, `layout_id`, `portlet_id`, `portlet_order`) VALUES ('0c71ec46-5fd5-4d86-8cb1-1a5c20bc6552','89594b95-1354-4a63-8867-c922880107df','vanity-urls',2);
INSERT INTO `cms_layouts_portlets` (`id`, `layout_id`, `portlet_id`, `portlet_order`) VALUES ('135c3fe6-d5af-4431-93e3-f7f1b378d087','56fedb43-dbbf-4ce2-8b77-41fb73bad015','content-types',1);
INSERT INTO `cms_layouts_portlets` (`id`, `layout_id`, `portlet_id`, `portlet_order`) VALUES ('14e04155-0a96-470a-8e80-8569668156ff','89594b95-1354-4a63-8867-c922880107df','rules',1);
INSERT INTO `cms_layouts_portlets` (`id`, `layout_id`, `portlet_id`, `portlet_order`) VALUES ('18943e48-5309-4a6e-8d29-1edb613e7267','56fedb43-dbbf-4ce2-8b77-41fb73bad015','languages',5);
INSERT INTO `cms_layouts_portlets` (`id`, `layout_id`, `portlet_id`, `portlet_order`) VALUES ('1efa3c70-ecae-41d2-8b25-78f5814f23f3','b7ab5d3c-5ee0-4195-a17e-8f5579d718dd','time-machine',5);
INSERT INTO `cms_layouts_portlets` (`id`, `layout_id`, `portlet_id`, `portlet_order`) VALUES ('2e64adbf-0df2-4496-9e47-b0d7c7dc58b4','71b8a1ca-37b6-4b6e-a43b-c7482f28db6c','link-checker',3);
INSERT INTO `cms_layouts_portlets` (`id`, `layout_id`, `portlet_id`, `portlet_order`) VALUES ('35d88d5b-e6af-4e84-ad7f-ca4cf06505ea','aa91172e-0fa6-482e-9a8b-1c202c7fca0e','es-search',3);
INSERT INTO `cms_layouts_portlets` (`id`, `layout_id`, `portlet_id`, `portlet_order`) VALUES ('3fce568c-4c88-4bc6-bcf3-202c7a541f5b','71b8a1ca-37b6-4b6e-a43b-c7482f28db6c','calendar',2);
INSERT INTO `cms_layouts_portlets` (`id`, `layout_id`, `portlet_id`, `portlet_order`) VALUES ('4be31e89-8eda-4b03-886b-941b20721d0a','89594b95-1354-4a63-8867-c922880107df','forms',3);
INSERT INTO `cms_layouts_portlets` (`id`, `layout_id`, `portlet_id`, `portlet_order`) VALUES ('4e98cdd8-4276-4eef-9c9a-f3b730be6350','a8e430e3-8010-40cf-ade1-5978e61241a8','users',1);
INSERT INTO `cms_layouts_portlets` (`id`, `layout_id`, `portlet_id`, `portlet_order`) VALUES ('4e998dbb-e4e1-4550-b453-d8b8b7f0ff16','34885ddb-3537-4a79-a02c-0550c5087d5c','workflow',1);
INSERT INTO `cms_layouts_portlets` (`id`, `layout_id`, `portlet_id`, `portlet_order`) VALUES ('52be4dff-e5ee-48ee-9475-04d1f36d904c','a6be06c3-ce1b-4e35-a5df-ba7bbe6220d1','categories',1);
INSERT INTO `cms_layouts_portlets` (`id`, `layout_id`, `portlet_id`, `portlet_order`) VALUES ('57073551-3e85-4b0c-81db-2ef06b4e4d4f','b7ab5d3c-5ee0-4195-a17e-8f5579d718dd','links',2);
INSERT INTO `cms_layouts_portlets` (`id`, `layout_id`, `portlet_id`, `portlet_order`) VALUES ('615dc60d-ebe3-453a-9d44-71878d242080','aa91172e-0fa6-482e-9a8b-1c202c7fca0e','dynamic-plugins',1);
INSERT INTO `cms_layouts_portlets` (`id`, `layout_id`, `portlet_id`, `portlet_order`) VALUES ('65ed4e36-7fd5-4faa-8b44-9717784463a6','b7ab5d3c-5ee0-4195-a17e-8f5579d718dd','publishing-queue',6);
INSERT INTO `cms_layouts_portlets` (`id`, `layout_id`, `portlet_id`, `portlet_order`) VALUES ('776b9fa7-b676-4645-8442-a98e373087fe','71b8a1ca-37b6-4b6e-a43b-c7482f28db6c','content',1);
INSERT INTO `cms_layouts_portlets` (`id`, `layout_id`, `portlet_id`, `portlet_order`) VALUES ('78604b9f-6ce0-446c-9f53-2d740910cc43','931f0b26-92c1-420b-8fbf-e48089040921','site-browser',1);
INSERT INTO `cms_layouts_portlets` (`id`, `layout_id`, `portlet_id`, `portlet_order`) VALUES ('810bbde7-9c7e-421a-95f1-0e97aef52952','56fedb43-dbbf-4ce2-8b77-41fb73bad015','categories',2);
INSERT INTO `cms_layouts_portlets` (`id`, `layout_id`, `portlet_id`, `portlet_order`) VALUES ('82ac7120-2218-412c-ad1c-6d1b803eef1d','a8e430e3-8010-40cf-ade1-5978e61241a8','configuration',4);
INSERT INTO `cms_layouts_portlets` (`id`, `layout_id`, `portlet_id`, `portlet_order`) VALUES ('9e3c9264-52ee-4a99-955c-b81ed760a507','56fedb43-dbbf-4ce2-8b77-41fb73bad015','tags',3);
INSERT INTO `cms_layouts_portlets` (`id`, `layout_id`, `portlet_id`, `portlet_order`) VALUES ('aa57b26b-17fe-4c95-a180-243015019ac0','b7ab5d3c-5ee0-4195-a17e-8f5579d718dd','site-browser',1);
INSERT INTO `cms_layouts_portlets` (`id`, `layout_id`, `portlet_id`, `portlet_order`) VALUES ('b580dff3-894a-405d-8e01-b06febb74de0','aa91172e-0fa6-482e-9a8b-1c202c7fca0e','site-search',4);
INSERT INTO `cms_layouts_portlets` (`id`, `layout_id`, `portlet_id`, `portlet_order`) VALUES ('b6aef3af-bb66-408b-a91f-3713b9fb21b4','b7ab5d3c-5ee0-4195-a17e-8f5579d718dd','containers',4);
INSERT INTO `cms_layouts_portlets` (`id`, `layout_id`, `portlet_id`, `portlet_order`) VALUES ('c01d6070-2a5d-43b3-ba41-ed2823ba6f42','aa91172e-0fa6-482e-9a8b-1c202c7fca0e','query-tool',2);
INSERT INTO `cms_layouts_portlets` (`id`, `layout_id`, `portlet_id`, `portlet_order`) VALUES ('cb4249fe-fa23-46c3-8802-1ee3b8a31b85','a8e430e3-8010-40cf-ade1-5978e61241a8','roles',2);
INSERT INTO `cms_layouts_portlets` (`id`, `layout_id`, `portlet_id`, `portlet_order`) VALUES ('d3d4c165-5266-4291-9cdc-e6e5231f6b0f','a8e430e3-8010-40cf-ade1-5978e61241a8','maintenance',3);
INSERT INTO `cms_layouts_portlets` (`id`, `layout_id`, `portlet_id`, `portlet_order`) VALUES ('dd60a6da-ef26-44ec-ae3b-19c7bbbe3263','b7ab5d3c-5ee0-4195-a17e-8f5579d718dd','templates',3);
INSERT INTO `cms_layouts_portlets` (`id`, `layout_id`, `portlet_id`, `portlet_order`) VALUES ('e7d7ef50-eb9d-4f74-a667-9ead99a3036a','a8e430e3-8010-40cf-ade1-5978e61241a8','sites',5);
INSERT INTO `cms_layouts_portlets` (`id`, `layout_id`, `portlet_id`, `portlet_order`) VALUES ('f25f1baa-b43b-4f40-881c-e6212f04c514','56fedb43-dbbf-4ce2-8b77-41fb73bad015','workflow-schemes',4);
INSERT INTO `cms_layouts_portlets` (`id`, `layout_id`, `portlet_id`, `portlet_order`) VALUES ('fc9c893d-23ea-42c4-b8ce-d9a7ecf8707d','34885ddb-3537-4a79-a02c-0550c5087d5c','dashboard',2);

## ROLES
INSERT INTO `cms_role` (`id`, `role_name`, `description`, `role_key`, `db_fqn`, `parent`, `edit_permissions`, `edit_users`, `edit_layouts`, `locked`, `system`) VALUES ('2adccac3-a56b-4078-be40-94e343f20712','System','System roles root','System','2adccac3-a56b-4078-be40-94e343f20712','2adccac3-a56b-4078-be40-94e343f20712',0,0,1,0,0);
INSERT INTO `cms_role` (`id`, `role_name`, `description`, `role_key`, `db_fqn`, `parent`, `edit_permissions`, `edit_users`, `edit_layouts`, `locked`, `system`) VALUES ('02088e05-5ff5-43c2-a4fa-11a7272cb199','CMS User','CMS User','CMS User','2adccac3-a56b-4078-be40-94e343f20712 --> 02088e05-5ff5-43c2-a4fa-11a7272cb199','2adccac3-a56b-4078-be40-94e343f20712',1,1,1,0,0);
INSERT INTO `cms_role` (`id`, `role_name`, `description`, `role_key`, `db_fqn`, `parent`, `edit_permissions`, `edit_users`, `edit_layouts`, `locked`, `system`) VALUES ('654b0931-1027-41f7-ad4d-173115ed8ec1','CMS Anonymous','','CMS Anonymous','2adccac3-a56b-4078-be40-94e343f20712 --> 654b0931-1027-41f7-ad4d-173115ed8ec1','2adccac3-a56b-4078-be40-94e343f20712',1,1,1,0,0);
INSERT INTO `cms_role` (`id`, `role_name`, `description`, `role_key`, `db_fqn`, `parent`, `edit_permissions`, `edit_users`, `edit_layouts`, `locked`, `system`) VALUES ('6b1fa42f-8729-4625-80d1-17e4ef691ce7','CMS Owner','','CMS Owner','2adccac3-a56b-4078-be40-94e343f20712 --> 6b1fa42f-8729-4625-80d1-17e4ef691ce7','2adccac3-a56b-4078-be40-94e343f20712',1,1,1,0,0);
INSERT INTO `cms_role` (`id`, `role_name`, `description`, `role_key`, `db_fqn`, `parent`, `edit_permissions`, `edit_users`, `edit_layouts`, `locked`, `system`) VALUES ('6f9d5449-8f48-4179-a2ad-1983d6217fef','Login As','','Login As','2adccac3-a56b-4078-be40-94e343f20712 --> 6f9d5449-8f48-4179-a2ad-1983d6217fef','2adccac3-a56b-4078-be40-94e343f20712',1,1,1,0,0);
INSERT INTO `cms_role` (`id`, `role_name`, `description`, `role_key`, `db_fqn`, `parent`, `edit_permissions`, `edit_users`, `edit_layouts`, `locked`, `system`) VALUES ('742c9eb3-8651-4df4-b1dc-00c8c64aee4f','LDAP User','','LDAP User','2adccac3-a56b-4078-be40-94e343f20712 --> 742c9eb3-8651-4df4-b1dc-00c8c64aee4f','2adccac3-a56b-4078-be40-94e343f20712',1,1,1,0,0);
INSERT INTO `cms_role` (`id`, `role_name`, `description`, `role_key`, `db_fqn`, `parent`, `edit_permissions`, `edit_users`, `edit_layouts`, `locked`, `system`) VALUES ('892ab105-f212-407f-8fb4-58ec59310a5e','CMS Administrator','','CMS Administrator','2adccac3-a56b-4078-be40-94e343f20712 --> 892ab105-f212-407f-8fb4-58ec59310a5e','2adccac3-a56b-4078-be40-94e343f20712',0,1,1,0,0);
INSERT INTO `cms_role` (`id`, `role_name`, `description`, `role_key`, `db_fqn`, `parent`, `edit_permissions`, `edit_users`, `edit_layouts`, `locked`, `system`) VALUES ('9ac1ff78-71a9-4485-a541-9d1418b17aa4','Users','User Roles root','cms_users','9ac1ff78-71a9-4485-a541-9d1418b17aa4','9ac1ff78-71a9-4485-a541-9d1418b17aa4',0,0,1,0,0);
INSERT INTO `cms_role` (`id`, `role_name`, `description`, `role_key`, `db_fqn`, `parent`, `edit_permissions`, `edit_users`, `edit_layouts`, `locked`, `system`) VALUES ('e7d4e34e-5127-45fc-8123-d48b62d510e3','Admin User','','dotcms.org.1','9ac1ff78-71a9-4485-a541-9d1418b17aa4 --> e7d4e34e-5127-45fc-8123-d48b62d510e3','9ac1ff78-71a9-4485-a541-9d1418b17aa4',1,0,1,0,0);
INSERT INTO `cms_role` (`id`, `role_name`, `description`, `role_key`, `db_fqn`, `parent`, `edit_permissions`, `edit_users`, `edit_layouts`, `locked`, `system`) VALUES ('edecd377-2321-4803-aa8b-89797dd0d61f','anonymous user anonymous','','anonymous','9ac1ff78-71a9-4485-a541-9d1418b17aa4 --> edecd377-2321-4803-aa8b-89797dd0d61f','9ac1ff78-71a9-4485-a541-9d1418b17aa4',1,0,1,0,0);
INSERT INTO `cms_role` (`id`, `role_name`, `description`, `role_key`, `db_fqn`, `parent`, `edit_permissions`, `edit_users`, `edit_layouts`, `locked`, `system`) VALUES ('ff4d1504-a077-4874-b89b-9844d10d5b6d','Scripting User','','Scripting Developer','2adccac3-a56b-4078-be40-94e343f20712 --> ff4d1504-a077-4874-b89b-9844d10d5b6d','2adccac3-a56b-4078-be40-94e343f20712',0,1,0,0,0);



## COMPANY / ADMIN / LIFERAY
INSERT INTO `company` (`companyid`, `key_`, `portalurl`, `homeurl`, `mx`, `name`, `shortname`, `type_`, `size_`, `street`, `city`, `state`, `zip`, `phone`, `fax`, `emailaddress`, `authtype`, `autologin`, `strangers`) VALUES ('dotcms.org','rO0ABXNyABRqYXZhLnNlY3VyaXR5LktleVJlcL35T7OImqVDAgAETAAJYWxnb3JpdGhtdAASTGphdmEvbGFuZy9TdHJpbmc7WwAHZW5jb2RlZHQAAltCTAAGZm9ybWF0cQB+AAFMAAR0eXBldAAbTGphdmEvc2VjdXJpdHkvS2V5UmVwJFR5cGU7eHB0AANERVN1cgACW0Ks8xf4BghU4AIAAHhwAAAACBksSlj3ReywdAADUkFXfnIAGWphdmEuc2VjdXJpdHkuS2V5UmVwJFR5cGUAAAAAAAAAABIAAHhyAA5qYXZhLmxhbmcuRW51bQAAAAAAAAAAEgAAeHB0AAZTRUNSRVQ=','localhost','/html/images/backgrounds/bg-6.jpg','dotcms.com','dotcms.org','dotcms.org','business','#04abd7','3059 Grand Ave.','Miami','FL','33133','3058581422','','support@dotcms.com','emailAddress',1,0);


INSERT INTO `adminconfig` (`configid`, `companyid`, `type_`, `name`, `config`) VALUES ('43','dotcms.org','USER_CONFIG','USER_CONFIG','<?xml version=\"1.0\" encoding=\"UTF-8\"?>\n<user-config><role-names>Power User</role-names><role-names>User</role-names><registration-email send=\"false\"><body>Dear [$USER_NAME$],\n\nThis email is to inform you about your new account at http://[$PORTAL_URL$]\n\nYour login is [$USER_EMAIL_ADDRESS$] and your password is [$USER_PASSWORD$].\n\nThis web site is a personalized portal designed to give many useful portlets to persons related to [$COMPANY_NAME$]. Change and personalize these portlets to your own preferences. Some of the available portlets are: Mail, Directory, Message Boards, and Document Library.\n\nHere is a breakdown and explanation of some of these portlets:\n\nMail -- Don\'t like your Bob123@some.strange.company.com account? Get a more familiar email address with a @[$COMPANY_MX$] extension! You can create your own email address with a @[$COMPANY_MX$] extension and check email from anywhere online. You can also forward all email from your @[$COMPANY_MX$] account to an outside email address.\n\nDirectory -- Need someone\'s email address? Need their phone number? Forgot what they looked like? Find it in at the online directory. This directory requires each user to update their own information, but once that happens, your contact information changes are made available to the everyone. There is no longer a need to have to tell everyone every time you get a new cell phone number.\n\nMessage Boards -- Want to discuss issues with your peers? Use the message boards to keep a log of your discussion so everyone can participate.\n\nPlease contact me at [$ADMIN_EMAIL_ADDRESS$] if there are any problems accessing the portal.\n\nSincerely,\n[$ADMIN_NAME$]</body><subject>[$COMPANY_NAME$] Portal Account</subject></registration-email></user-config>');


INSERT INTO `folder` (`inode`, `name`, `title`, `show_on_menu`, `sort_order`, `files_masks`, `identifier`, `default_file_type`, `mod_date`) VALUES ('SYSTEM_FOLDER','system folder','System folder',0,0,'','bc9a1d37-dd2d-4d49-a29d-0c9be740bfaf','33888b6f-7a8e-4069-b1b6-5c1aa9d0a48d','2017-03-07 13:25:58');

INSERT INTO `identifier` (`id`, `parent_path`, `asset_name`, `host_inode`, `asset_type`, `syspublish_date`, `sysexpire_date`) VALUES ('8a7d5e23-da1e-420a-b4f0-471e7da8ea2d','/','content.ff462f88-d9e1-4d31-b084-b73cb61976d3','SYSTEM_HOST','contentlet',NULL,NULL);
INSERT INTO `identifier` (`id`, `parent_path`, `asset_name`, `host_inode`, `asset_type`, `syspublish_date`, `sysexpire_date`) VALUES ('bc9a1d37-dd2d-4d49-a29d-0c9be740bfaf','/System folder','system folder','SYSTEM_HOST','folder',NULL,NULL);
INSERT INTO `identifier` (`id`, `parent_path`, `asset_name`, `host_inode`, `asset_type`, `syspublish_date`, `sysexpire_date`) VALUES ('SYSTEM_HOST','/','system host','SYSTEM_HOST','contentlet',NULL,NULL);

INSERT INTO `db_version` (`db_version`, `date_update`) VALUES (4300,'2017-12-05 00:00:00');

INSERT INTO `category` (`inode`, `category_name`, `category_key`, `sort_order`, `active`, `keywords`, `category_velocity_var_name`, `mod_date`) VALUES ('375341a2-0912-422f-b903-2602b6105c70','Event Types','event',0,1,NULL,'eventTypes','2014-03-21 10:11:18');

INSERT INTO `structure` (`inode`, `name`, `description`, `default_structure`, `review_interval`, `reviewer_role`, `page_detail`, `structuretype`, `system`, `fixed`, `velocity_var_name`, `url_map_pattern`, `host`, `folder`, `expire_date_var`, `publish_date_var`, `mod_date`) VALUES ('2a3e91e4-fbbf-4876-8c5b-2233c1739b05','Content (Generic)',NULL,1,NULL,NULL,NULL,1,0,0,'webPageContent',NULL,'SYSTEM_HOST','SYSTEM_FOLDER',NULL,NULL,'2017-12-05 18:34:38');
INSERT INTO `structure` (`inode`, `name`, `description`, `default_structure`, `review_interval`, `reviewer_role`, `page_detail`, `structuretype`, `system`, `fixed`, `velocity_var_name`, `url_map_pattern`, `host`, `folder`, `expire_date_var`, `publish_date_var`, `mod_date`) VALUES ('33888b6f-7a8e-4069-b1b6-5c1aa9d0a48d','File Asset','Default structure for all uploaded files',0,NULL,NULL,NULL,4,0,1,'FileAsset',NULL,'SYSTEM_HOST','SYSTEM_FOLDER',NULL,NULL,'2017-12-05 18:34:32');
INSERT INTO `structure` (`inode`, `name`, `description`, `default_structure`, `review_interval`, `reviewer_role`, `page_detail`, `structuretype`, `system`, `fixed`, `velocity_var_name`, `url_map_pattern`, `host`, `folder`, `expire_date_var`, `publish_date_var`, `mod_date`) VALUES ('4d21b6d8-1711-4ae6-9419-89e2b1ae5a06','Forms','Forms',0,NULL,NULL,NULL,2,1,1,'forms',NULL,'SYSTEM_HOST','SYSTEM_FOLDER',NULL,NULL,'2017-12-05 18:34:32');
INSERT INTO `structure` (`inode`, `name`, `description`, `default_structure`, `review_interval`, `reviewer_role`, `page_detail`, `structuretype`, `system`, `fixed`, `velocity_var_name`, `url_map_pattern`, `host`, `folder`, `expire_date_var`, `publish_date_var`, `mod_date`) VALUES ('855a2d72-f2f3-4169-8b04-ac5157c4380c','Host','System hosts information',0,NULL,NULL,NULL,1,1,1,'Host',NULL,'SYSTEM_HOST','SYSTEM_FOLDER',NULL,NULL,'2017-12-05 18:34:37');
INSERT INTO `structure` (`inode`, `name`, `description`, `default_structure`, `review_interval`, `reviewer_role`, `page_detail`, `structuretype`, `system`, `fixed`, `velocity_var_name`, `url_map_pattern`, `host`, `folder`, `expire_date_var`, `publish_date_var`, `mod_date`) VALUES ('8e850645-bb92-4fda-a765-e67063a59be0','Vanity URL','Default Content Type for Vanity URLs',0,NULL,NULL,NULL,7,0,1,'Vanityurl',NULL,'SYSTEM_HOST','SYSTEM_FOLDER',NULL,NULL,'2017-12-05 18:34:40');
INSERT INTO `structure` (`inode`, `name`, `description`, `default_structure`, `review_interval`, `reviewer_role`, `page_detail`, `structuretype`, `system`, `fixed`, `velocity_var_name`, `url_map_pattern`, `host`, `folder`, `expire_date_var`, `publish_date_var`, `mod_date`) VALUES ('a007def2-896d-4fd1-843b-d3abb5305f3f','Comments','Comments structure for all content',0,NULL,NULL,NULL,1,0,1,'Comments',NULL,'SYSTEM_HOST','SYSTEM_FOLDER',NULL,NULL,'2017-12-05 18:34:33');
INSERT INTO `structure` (`inode`, `name`, `description`, `default_structure`, `review_interval`, `reviewer_role`, `page_detail`, `structuretype`, `system`, `fixed`, `velocity_var_name`, `url_map_pattern`, `host`, `folder`, `expire_date_var`, `publish_date_var`, `mod_date`) VALUES ('c541abb1-69b3-4bc5-8430-5e09e5239cc8','Page Asset','Default Structure for Pages',0,NULL,NULL,NULL,5,0,1,'htmlpageasset',NULL,'SYSTEM_HOST','SYSTEM_FOLDER',NULL,NULL,'2017-12-05 18:34:36');
INSERT INTO `structure` (`inode`, `name`, `description`, `default_structure`, `review_interval`, `reviewer_role`, `page_detail`, `structuretype`, `system`, `fixed`, `velocity_var_name`, `url_map_pattern`, `host`, `folder`, `expire_date_var`, `publish_date_var`, `mod_date`) VALUES ('c938b15f-bcb6-49ef-8651-14d455a97045','Persona','Default Structure for Personas',0,NULL,NULL,NULL,6,0,0,'persona',NULL,'SYSTEM_HOST','SYSTEM_FOLDER',NULL,NULL,'2017-12-05 18:34:37');
INSERT INTO `structure` (`inode`, `name`, `description`, `default_structure`, `review_interval`, `reviewer_role`, `page_detail`, `structuretype`, `system`, `fixed`, `velocity_var_name`, `url_map_pattern`, `host`, `folder`, `expire_date_var`, `publish_date_var`, `mod_date`) VALUES ('f4d7c1b8-2c88-4071-abf1-a5328977b07d','Language Variable','Default Content Type for Language Variables',0,NULL,NULL,NULL,8,0,1,'Languagevariable',NULL,'SYSTEM_HOST','SYSTEM_FOLDER',NULL,NULL,'2017-12-05 18:34:40');
INSERT INTO `structure` (`inode`, `name`, `description`, `default_structure`, `review_interval`, `reviewer_role`, `page_detail`, `structuretype`, `system`, `fixed`, `velocity_var_name`, `url_map_pattern`, `host`, `folder`, `expire_date_var`, `publish_date_var`, `mod_date`) VALUES ('f6259cc9-5d78-453e-8167-efd7b72b2e96','Event','Calendar and events',0,NULL,NULL,'8aff34ed-d163-4311-9712-9b74e51e0044',1,0,1,'calendarEvent','/news-events/events/{urlTitle}','SYSTEM_HOST','SYSTEM_FOLDER',NULL,NULL,'2017-12-05 18:34:35');


INSERT INTO `field` (`inode`, `structure_inode`, `field_name`, `field_type`, `field_relation_type`, `field_contentlet`, `required`, `indexed`, `listed`, `velocity_var_name`, `sort_order`, `field_values`, `regex_check`, `hint`, `default_value`, `fixed`, `read_only`, `searchable`, `unique_`, `mod_date`) VALUES ('00c65b24-8f22-44d9-a36f-2eaf7a1ee839','a007def2-896d-4fd1-843b-d3abb5305f3f','UserId','com.dotcms.contenttype.model.field.TextField',NULL,'text2',0,0,0,'userid',2,NULL,NULL,NULL,NULL,1,0,0,0,'2017-12-05 18:34:33');
INSERT INTO `field` (`inode`, `structure_inode`, `field_name`, `field_type`, `field_relation_type`, `field_contentlet`, `required`, `indexed`, `listed`, `velocity_var_name`, `sort_order`, `field_values`, `regex_check`, `hint`, `default_value`, `fixed`, `read_only`, `searchable`, `unique_`, `mod_date`) VALUES ('01f23a87-9859-4860-8368-f70a6ba9687f','855a2d72-f2f3-4169-8b04-ac5157c4380c','Aliases','com.dotcms.contenttype.model.field.TextAreaField',NULL,'text_area1',0,1,1,'aliases',2,NULL,NULL,NULL,NULL,1,0,1,0,'2017-12-05 18:34:37');
INSERT INTO `field` (`inode`, `structure_inode`, `field_name`, `field_type`, `field_relation_type`, `field_contentlet`, `required`, `indexed`, `listed`, `velocity_var_name`, `sort_order`, `field_values`, `regex_check`, `hint`, `default_value`, `fixed`, `read_only`, `searchable`, `unique_`, `mod_date`) VALUES ('02d02031-ef53-43f2-9845-6a2a85538072','855a2d72-f2f3-4169-8b04-ac5157c4380c','Google Analytics','com.dotcms.contenttype.model.field.TextField',NULL,'text6',0,0,0,'googleAnalytics',12,NULL,'[^(<[.\\n]+>)]*',NULL,NULL,0,0,0,0,'2017-12-05 18:34:37');
INSERT INTO `field` (`inode`, `structure_inode`, `field_name`, `field_type`, `field_relation_type`, `field_contentlet`, `required`, `indexed`, `listed`, `velocity_var_name`, `sort_order`, `field_values`, `regex_check`, `hint`, `default_value`, `fixed`, `read_only`, `searchable`, `unique_`, `mod_date`) VALUES ('04b1cdea-6c48-4a1b-bf47-6edfd5091246','855a2d72-f2f3-4169-8b04-ac5157c4380c','Description','com.dotcms.contenttype.model.field.TextAreaField',NULL,'text_area2',0,0,0,'description',8,NULL,'[^(<[.\\n]+>)]*','Used by default in page meta data description field',NULL,0,0,0,0,'2017-12-05 18:34:37');
INSERT INTO `field` (`inode`, `structure_inode`, `field_name`, `field_type`, `field_relation_type`, `field_contentlet`, `required`, `indexed`, `listed`, `velocity_var_name`, `sort_order`, `field_values`, `regex_check`, `hint`, `default_value`, `fixed`, `read_only`, `searchable`, `unique_`, `mod_date`) VALUES ('05b6edc6-6443-4dc7-a884-f029b12e5a0d','f4d7c1b8-2c88-4071-abf1-a5328977b07d','Key','com.dotcms.contenttype.model.field.TextField',NULL,'text1',1,1,1,'key',1,NULL,NULL,NULL,NULL,1,0,1,1,'2017-12-05 18:34:40');
INSERT INTO `field` (`inode`, `structure_inode`, `field_name`, `field_type`, `field_relation_type`, `field_contentlet`, `required`, `indexed`, `listed`, `velocity_var_name`, `sort_order`, `field_values`, `regex_check`, `hint`, `default_value`, `fixed`, `read_only`, `searchable`, `unique_`, `mod_date`) VALUES ('07cfbc2c-47de-4c78-a411-176fe8bb24a5','c938b15f-bcb6-49ef-8651-14d455a97045','Photo','com.dotcms.contenttype.model.field.BinaryField',NULL,'system_field',0,0,0,'photo',4,NULL,NULL,NULL,NULL,1,0,0,0,'2017-12-05 18:34:37');
INSERT INTO `field` (`inode`, `structure_inode`, `field_name`, `field_type`, `field_relation_type`, `field_contentlet`, `required`, `indexed`, `listed`, `velocity_var_name`, `sort_order`, `field_values`, `regex_check`, `hint`, `default_value`, `fixed`, `read_only`, `searchable`, `unique_`, `mod_date`) VALUES ('0b91b302-2d62-4af1-bee5-12f2222c97c7','f6259cc9-5d78-453e-8167-efd7b72b2e96','Link','com.dotcms.contenttype.model.field.TextField',NULL,'text2',0,0,0,'link',7,NULL,NULL,NULL,NULL,1,0,0,0,'2017-12-05 18:34:34');
INSERT INTO `field` (`inode`, `structure_inode`, `field_name`, `field_type`, `field_relation_type`, `field_contentlet`, `required`, `indexed`, `listed`, `velocity_var_name`, `sort_order`, `field_values`, `regex_check`, `hint`, `default_value`, `fixed`, `read_only`, `searchable`, `unique_`, `mod_date`) VALUES ('0ea2bd92-4b2d-48a2-a394-77fd560b1fce','c938b15f-bcb6-49ef-8651-14d455a97045','Name','com.dotcms.contenttype.model.field.TextField',NULL,'text1',1,1,1,'name',2,NULL,NULL,NULL,NULL,1,0,1,0,'2017-12-05 18:34:37');
INSERT INTO `field` (`inode`, `structure_inode`, `field_name`, `field_type`, `field_relation_type`, `field_contentlet`, `required`, `indexed`, `listed`, `velocity_var_name`, `sort_order`, `field_values`, `regex_check`, `hint`, `default_value`, `fixed`, `read_only`, `searchable`, `unique_`, `mod_date`) VALUES ('1677ca4f-e46f-449f-ae59-4952fb567e5e','c541abb1-69b3-4bc5-8430-5e09e5239cc8','Sort Order','com.dotcms.contenttype.model.field.TextField',NULL,'integer1',1,1,0,'sortOrder',7,NULL,NULL,NULL,'0',1,0,1,0,'2017-12-05 18:34:36');
INSERT INTO `field` (`inode`, `structure_inode`, `field_name`, `field_type`, `field_relation_type`, `field_contentlet`, `required`, `indexed`, `listed`, `velocity_var_name`, `sort_order`, `field_values`, `regex_check`, `hint`, `default_value`, `fixed`, `read_only`, `searchable`, `unique_`, `mod_date`) VALUES ('1700770a-7f33-4bb3-9ac3-f053da7c42c8','a007def2-896d-4fd1-843b-d3abb5305f3f','CommentsCount','com.dotcms.contenttype.model.field.TextField',NULL,'integer1',0,1,0,'commentscount',2147483647,'0',NULL,NULL,'0',1,0,1,0,'2017-12-05 18:34:33');
INSERT INTO `field` (`inode`, `structure_inode`, `field_name`, `field_type`, `field_relation_type`, `field_contentlet`, `required`, `indexed`, `listed`, `velocity_var_name`, `sort_order`, `field_values`, `regex_check`, `hint`, `default_value`, `fixed`, `read_only`, `searchable`, `unique_`, `mod_date`) VALUES ('1aa4bbc6-d30e-4b43-8f13-d6e8f2a58a52','c541abb1-69b3-4bc5-8430-5e09e5239cc8','Advanced Properties','com.dotcms.contenttype.model.field.TabDividerField',NULL,'system_field',0,0,0,'advancedtab',9,NULL,NULL,NULL,NULL,0,0,0,0,'2017-12-05 18:34:36');
INSERT INTO `field` (`inode`, `structure_inode`, `field_name`, `field_type`, `field_relation_type`, `field_contentlet`, `required`, `indexed`, `listed`, `velocity_var_name`, `sort_order`, `field_values`, `regex_check`, `hint`, `default_value`, `fixed`, `read_only`, `searchable`, `unique_`, `mod_date`) VALUES ('1da87215-92d1-499c-aeda-517d54114ead','f6259cc9-5d78-453e-8167-efd7b72b2e96','Original Start Date','com.dotcms.contenttype.model.field.HiddenField',NULL,'date5',0,1,0,'originalStartDate',20,NULL,NULL,NULL,NULL,1,0,1,0,'2017-12-05 18:34:35');
INSERT INTO `field` (`inode`, `structure_inode`, `field_name`, `field_type`, `field_relation_type`, `field_contentlet`, `required`, `indexed`, `listed`, `velocity_var_name`, `sort_order`, `field_values`, `regex_check`, `hint`, `default_value`, `fixed`, `read_only`, `searchable`, `unique_`, `mod_date`) VALUES ('1f4b74e2-d00f-4245-840d-f84297438069','f6259cc9-5d78-453e-8167-efd7b72b2e96','Recurrence End','com.dotcms.contenttype.model.field.HiddenField',NULL,'date4',0,1,0,'recurrenceEnd',12,NULL,NULL,NULL,NULL,1,0,1,0,'2017-12-05 18:34:35');
INSERT INTO `field` (`inode`, `structure_inode`, `field_name`, `field_type`, `field_relation_type`, `field_contentlet`, `required`, `indexed`, `listed`, `velocity_var_name`, `sort_order`, `field_values`, `regex_check`, `hint`, `default_value`, `fixed`, `read_only`, `searchable`, `unique_`, `mod_date`) VALUES ('23b5f1be-935e-442e-be48-1cf2d1c96d71','c541abb1-69b3-4bc5-8430-5e09e5239cc8','Host or Folder','com.dotcms.contenttype.model.field.HostFolderField',NULL,'text2',1,1,0,'hostFolder',3,NULL,NULL,NULL,NULL,1,0,1,0,'2017-12-05 18:34:36');
INSERT INTO `field` (`inode`, `structure_inode`, `field_name`, `field_type`, `field_relation_type`, `field_contentlet`, `required`, `indexed`, `listed`, `velocity_var_name`, `sort_order`, `field_values`, `regex_check`, `hint`, `default_value`, `fixed`, `read_only`, `searchable`, `unique_`, `mod_date`) VALUES ('2765c954-702c-4999-a2f2-e8a3de2239d7','a007def2-896d-4fd1-843b-d3abb5305f3f','DatePublished','com.dotcms.contenttype.model.field.DateTimeField',NULL,'date1',0,1,0,'datePublished',9,NULL,NULL,NULL,NULL,1,0,0,0,'2017-12-05 18:34:33');
INSERT INTO `field` (`inode`, `structure_inode`, `field_name`, `field_type`, `field_relation_type`, `field_contentlet`, `required`, `indexed`, `listed`, `velocity_var_name`, `sort_order`, `field_values`, `regex_check`, `hint`, `default_value`, `fixed`, `read_only`, `searchable`, `unique_`, `mod_date`) VALUES ('280f79fd-2c84-4840-8672-0651558974bd','33888b6f-7a8e-4069-b1b6-5c1aa9d0a48d','Description','com.dotcms.contenttype.model.field.TextField',NULL,'text5',0,1,0,'description',9,NULL,NULL,NULL,NULL,1,0,0,0,'2017-12-05 18:34:32');
INSERT INTO `field` (`inode`, `structure_inode`, `field_name`, `field_type`, `field_relation_type`, `field_contentlet`, `required`, `indexed`, `listed`, `velocity_var_name`, `sort_order`, `field_values`, `regex_check`, `hint`, `default_value`, `fixed`, `read_only`, `searchable`, `unique_`, `mod_date`) VALUES ('28a791c8-67b9-4797-b036-bbad65a57ee7','f6259cc9-5d78-453e-8167-efd7b72b2e96','End Date','com.dotcms.contenttype.model.field.DateTimeField',NULL,'date2',1,1,0,'endDate',5,NULL,NULL,NULL,NULL,1,0,0,0,'2017-12-05 18:34:34');
INSERT INTO `field` (`inode`, `structure_inode`, `field_name`, `field_type`, `field_relation_type`, `field_contentlet`, `required`, `indexed`, `listed`, `velocity_var_name`, `sort_order`, `field_values`, `regex_check`, `hint`, `default_value`, `fixed`, `read_only`, `searchable`, `unique_`, `mod_date`) VALUES ('2a918837-0e1f-41b9-8fc0-e8fca2a1bff4','f6259cc9-5d78-453e-8167-efd7b72b2e96','Start Date','com.dotcms.contenttype.model.field.DateTimeField',NULL,'date1',1,1,1,'startDate',4,NULL,NULL,NULL,NULL,1,0,1,0,'2017-12-05 18:34:34');
INSERT INTO `field` (`inode`, `structure_inode`, `field_name`, `field_type`, `field_relation_type`, `field_contentlet`, `required`, `indexed`, `listed`, `velocity_var_name`, `sort_order`, `field_values`, `regex_check`, `hint`, `default_value`, `fixed`, `read_only`, `searchable`, `unique_`, `mod_date`) VALUES ('2d9bd5ac-ee66-4523-94a7-05897c609a98','f6259cc9-5d78-453e-8167-efd7b72b2e96','URL Title','com.dotcms.contenttype.model.field.CustomField',NULL,'text_area2',0,1,1,'urlTitle',3,'#dotParse(\'/application/vtl/custom-fields/url-title.vtl\')',NULL,NULL,NULL,0,0,1,0,'2017-12-05 18:34:34');
INSERT INTO `field` (`inode`, `structure_inode`, `field_name`, `field_type`, `field_relation_type`, `field_contentlet`, `required`, `indexed`, `listed`, `velocity_var_name`, `sort_order`, `field_values`, `regex_check`, `hint`, `default_value`, `fixed`, `read_only`, `searchable`, `unique_`, `mod_date`) VALUES ('2dab7223-ebb5-411b-922f-611a30bc2a2b','c938b15f-bcb6-49ef-8651-14d455a97045','Other Tags','com.dotcms.contenttype.model.field.TagField',NULL,'system_field',0,1,0,'tags',5,NULL,NULL,NULL,NULL,1,0,1,0,'2017-12-05 18:34:37');
INSERT INTO `field` (`inode`, `structure_inode`, `field_name`, `field_type`, `field_relation_type`, `field_contentlet`, `required`, `indexed`, `listed`, `velocity_var_name`, `sort_order`, `field_values`, `regex_check`, `hint`, `default_value`, `fixed`, `read_only`, `searchable`, `unique_`, `mod_date`) VALUES ('2f00a11d-f64c-4f8f-8126-238cc01fbf96','855a2d72-f2f3-4169-8b04-ac5157c4380c','Run Dashboard','com.dotcms.contenttype.model.field.RadioField',NULL,'bool3',0,1,0,'runDashboard',5,'Yes|1\r\nNo|0',NULL,NULL,'0',1,0,0,0,'2017-12-05 18:34:37');
INSERT INTO `field` (`inode`, `structure_inode`, `field_name`, `field_type`, `field_relation_type`, `field_contentlet`, `required`, `indexed`, `listed`, `velocity_var_name`, `sort_order`, `field_values`, `regex_check`, `hint`, `default_value`, `fixed`, `read_only`, `searchable`, `unique_`, `mod_date`) VALUES ('303af3a6-1250-432c-b300-0e073f60c3a3','a007def2-896d-4fd1-843b-d3abb5305f3f','Website','com.dotcms.contenttype.model.field.TextField',NULL,'text5',0,0,0,'website',5,NULL,NULL,NULL,NULL,1,0,0,0,'2017-12-05 18:34:33');
INSERT INTO `field` (`inode`, `structure_inode`, `field_name`, `field_type`, `field_relation_type`, `field_contentlet`, `required`, `indexed`, `listed`, `velocity_var_name`, `sort_order`, `field_values`, `regex_check`, `hint`, `default_value`, `fixed`, `read_only`, `searchable`, `unique_`, `mod_date`) VALUES ('314c6664-d8be-452b-acca-d62d908b4a34','f6259cc9-5d78-453e-8167-efd7b72b2e96','Recurrence Occurs','com.dotcms.contenttype.model.field.HiddenField',NULL,'text7',0,1,0,'recurrenceOccurs',13,NULL,NULL,NULL,NULL,1,0,1,0,'2017-12-05 18:34:35');
INSERT INTO `field` (`inode`, `structure_inode`, `field_name`, `field_type`, `field_relation_type`, `field_contentlet`, `required`, `indexed`, `listed`, `velocity_var_name`, `sort_order`, `field_values`, `regex_check`, `hint`, `default_value`, `fixed`, `read_only`, `searchable`, `unique_`, `mod_date`) VALUES ('31519868-f318-4447-88e7-0ffc2fe4b2cd','4d21b6d8-1711-4ae6-9419-89e2b1ae5a06','Form ID','com.dotcms.contenttype.model.field.TextField',NULL,'text1',1,1,1,'formId',1,NULL,NULL,NULL,NULL,1,0,1,0,'2017-12-05 18:34:32');
INSERT INTO `field` (`inode`, `structure_inode`, `field_name`, `field_type`, `field_relation_type`, `field_contentlet`, `required`, `indexed`, `listed`, `velocity_var_name`, `sort_order`, `field_values`, `regex_check`, `hint`, `default_value`, `fixed`, `read_only`, `searchable`, `unique_`, `mod_date`) VALUES ('33e793f0-f1dc-4986-847b-5b0a529b4373','f6259cc9-5d78-453e-8167-efd7b72b2e96','Tags','com.dotcms.contenttype.model.field.TagField',NULL,'system_field',0,1,0,'tags',10,NULL,NULL,NULL,NULL,1,0,1,0,'2017-12-05 18:34:34');
INSERT INTO `field` (`inode`, `structure_inode`, `field_name`, `field_type`, `field_relation_type`, `field_contentlet`, `required`, `indexed`, `listed`, `velocity_var_name`, `sort_order`, `field_values`, `regex_check`, `hint`, `default_value`, `fixed`, `read_only`, `searchable`, `unique_`, `mod_date`) VALUES ('36d16a40-2ec2-474e-a1cd-c35786a8284b','a007def2-896d-4fd1-843b-d3abb5305f3f','Email Response','com.dotcms.contenttype.model.field.RadioField',NULL,'text6',0,0,0,'emailResponse',7,'Yes|yes\r\nNo|no',NULL,NULL,NULL,1,0,0,0,'2017-12-05 18:34:33');
INSERT INTO `field` (`inode`, `structure_inode`, `field_name`, `field_type`, `field_relation_type`, `field_contentlet`, `required`, `indexed`, `listed`, `velocity_var_name`, `sort_order`, `field_values`, `regex_check`, `hint`, `default_value`, `fixed`, `read_only`, `searchable`, `unique_`, `mod_date`) VALUES ('3b7f25bb-c5be-48bb-b00b-5b1b754e550c','8e850645-bb92-4fda-a765-e67063a59be0','Site','com.dotcms.contenttype.model.field.CustomField',NULL,'text2',1,1,0,'site',2,'$velutil.mergeTemplate(\'/static/content/site_selector_field_render.vtl\')',NULL,NULL,NULL,1,0,0,0,'2017-12-05 18:34:40');
INSERT INTO `field` (`inode`, `structure_inode`, `field_name`, `field_type`, `field_relation_type`, `field_contentlet`, `required`, `indexed`, `listed`, `velocity_var_name`, `sort_order`, `field_values`, `regex_check`, `hint`, `default_value`, `fixed`, `read_only`, `searchable`, `unique_`, `mod_date`) VALUES ('3bceabd2-a59d-4ad7-86f2-b557bfc205bb','33888b6f-7a8e-4069-b1b6-5c1aa9d0a48d','Metadata','com.dotcms.contenttype.model.field.TabDividerField',NULL,'system_field',0,0,0,'MetadataTab',5,NULL,NULL,NULL,NULL,0,0,0,0,'2017-12-05 18:34:32');
INSERT INTO `field` (`inode`, `structure_inode`, `field_name`, `field_type`, `field_relation_type`, `field_contentlet`, `required`, `indexed`, `listed`, `velocity_var_name`, `sort_order`, `field_values`, `regex_check`, `hint`, `default_value`, `fixed`, `read_only`, `searchable`, `unique_`, `mod_date`) VALUES ('40f1dd0a-d4dd-4ce7-abef-0bc1ce711bb4','f6259cc9-5d78-453e-8167-efd7b72b2e96','Recurrence Week Of Month','com.dotcms.contenttype.model.field.HiddenField',NULL,'integer4',0,1,0,'recurrenceWeekOfMonth',22,NULL,NULL,NULL,NULL,1,0,1,0,'2017-12-05 18:34:35');
INSERT INTO `field` (`inode`, `structure_inode`, `field_name`, `field_type`, `field_relation_type`, `field_contentlet`, `required`, `indexed`, `listed`, `velocity_var_name`, `sort_order`, `field_values`, `regex_check`, `hint`, `default_value`, `fixed`, `read_only`, `searchable`, `unique_`, `mod_date`) VALUES ('4242af9d-2cc9-440f-a136-c92f1fe0e65a','855a2d72-f2f3-4169-8b04-ac5157c4380c','Add This','com.dotcms.contenttype.model.field.TextField',NULL,'text2',0,0,0,'addThis',13,NULL,'[^(<[.\\n]+>)]*','Add This Pub ID',NULL,0,0,0,0,'2017-12-05 18:34:37');
INSERT INTO `field` (`inode`, `structure_inode`, `field_name`, `field_type`, `field_relation_type`, `field_contentlet`, `required`, `indexed`, `listed`, `velocity_var_name`, `sort_order`, `field_values`, `regex_check`, `hint`, `default_value`, `fixed`, `read_only`, `searchable`, `unique_`, `mod_date`) VALUES ('468512c0-423e-4f1a-b94c-7cf8b064260a','33888b6f-7a8e-4069-b1b6-5c1aa9d0a48d','File Asset','com.dotcms.contenttype.model.field.BinaryField',NULL,'system_field',1,0,0,'fileAsset',3,NULL,NULL,NULL,NULL,1,0,0,0,'2017-12-05 18:34:32');
INSERT INTO `field` (`inode`, `structure_inode`, `field_name`, `field_type`, `field_relation_type`, `field_contentlet`, `required`, `indexed`, `listed`, `velocity_var_name`, `sort_order`, `field_values`, `regex_check`, `hint`, `default_value`, `fixed`, `read_only`, `searchable`, `unique_`, `mod_date`) VALUES ('46c9ead3-f501-42ca-9ac6-289ef109809f','33888b6f-7a8e-4069-b1b6-5c1aa9d0a48d','Sort Order','com.dotcms.contenttype.model.field.TextField',NULL,'integer1',0,1,0,'sortOrder',8,NULL,NULL,NULL,'0',1,0,0,0,'2017-12-05 18:34:32');
INSERT INTO `field` (`inode`, `structure_inode`, `field_name`, `field_type`, `field_relation_type`, `field_contentlet`, `required`, `indexed`, `listed`, `velocity_var_name`, `sort_order`, `field_values`, `regex_check`, `hint`, `default_value`, `fixed`, `read_only`, `searchable`, `unique_`, `mod_date`) VALUES ('49c5bd96-d70c-441c-9c5f-7ccaa8e7ff9a','2a3e91e4-fbbf-4876-8c5b-2233c1739b05','Site','com.dotcms.contenttype.model.field.HostFolderField',NULL,'system_field',1,1,0,'contentHost',2,NULL,NULL,NULL,NULL,0,0,0,0,'2017-12-05 18:34:38');
INSERT INTO `field` (`inode`, `structure_inode`, `field_name`, `field_type`, `field_relation_type`, `field_contentlet`, `required`, `indexed`, `listed`, `velocity_var_name`, `sort_order`, `field_values`, `regex_check`, `hint`, `default_value`, `fixed`, `read_only`, `searchable`, `unique_`, `mod_date`) VALUES ('49f3803a-b2b0-4e03-bb2e-d1bb2a1c135e','8e850645-bb92-4fda-a765-e67063a59be0','Forward To','com.dotcms.contenttype.model.field.CustomField',NULL,'text4',1,1,1,'forwardTo',5,'$velutil.mergeTemplate(\'/static/content/file_browser_field_render.vtl\')',NULL,NULL,NULL,1,0,0,0,'2017-12-05 18:34:40');
INSERT INTO `field` (`inode`, `structure_inode`, `field_name`, `field_type`, `field_relation_type`, `field_contentlet`, `required`, `indexed`, `listed`, `velocity_var_name`, `sort_order`, `field_values`, `regex_check`, `hint`, `default_value`, `fixed`, `read_only`, `searchable`, `unique_`, `mod_date`) VALUES ('4e01f028-dbf8-41f6-8c3d-92c89e00ddbd','855a2d72-f2f3-4169-8b04-ac5157c4380c','Meta Data (Default)','com.dotcms.contenttype.model.field.LineDividerField',NULL,'system_field',0,0,0,'metaData',6,NULL,NULL,NULL,NULL,0,0,0,0,'2017-12-05 18:34:37');
INSERT INTO `field` (`inode`, `structure_inode`, `field_name`, `field_type`, `field_relation_type`, `field_contentlet`, `required`, `indexed`, `listed`, `velocity_var_name`, `sort_order`, `field_values`, `regex_check`, `hint`, `default_value`, `fixed`, `read_only`, `searchable`, `unique_`, `mod_date`) VALUES ('4e20dfbc-3952-4ca6-b2b6-b40aad8dc42d','4d21b6d8-1711-4ae6-9419-89e2b1ae5a06','Widget Code','com.dotcms.contenttype.model.field.TextAreaField',NULL,'text2',1,1,0,'widgetCode',3,NULL,NULL,NULL,'#submitContent(\"${formId}\")',1,0,1,0,'2017-12-05 18:34:32');
INSERT INTO `field` (`inode`, `structure_inode`, `field_name`, `field_type`, `field_relation_type`, `field_contentlet`, `required`, `indexed`, `listed`, `velocity_var_name`, `sort_order`, `field_values`, `regex_check`, `hint`, `default_value`, `fixed`, `read_only`, `searchable`, `unique_`, `mod_date`) VALUES ('4e64a309-8c5e-48cf-b4a9-e724a5e09575','8e850645-bb92-4fda-a765-e67063a59be0','Title','com.dotcms.contenttype.model.field.TextField',NULL,'text1',1,1,1,'title',1,NULL,NULL,NULL,NULL,1,0,1,0,'2017-12-05 18:34:40');
INSERT INTO `field` (`inode`, `structure_inode`, `field_name`, `field_type`, `field_relation_type`, `field_contentlet`, `required`, `indexed`, `listed`, `velocity_var_name`, `sort_order`, `field_values`, `regex_check`, `hint`, `default_value`, `fixed`, `read_only`, `searchable`, `unique_`, `mod_date`) VALUES ('5074b1c3-0bc3-495f-be95-72c82d749a67','f6259cc9-5d78-453e-8167-efd7b72b2e96','Recurrence Day Of Week','com.dotcms.contenttype.model.field.HiddenField',NULL,'integer3',0,1,0,'recurrenceDayOfWeek',21,NULL,NULL,NULL,NULL,1,0,1,0,'2017-12-05 18:34:35');
INSERT INTO `field` (`inode`, `structure_inode`, `field_name`, `field_type`, `field_relation_type`, `field_contentlet`, `required`, `indexed`, `listed`, `velocity_var_name`, `sort_order`, `field_values`, `regex_check`, `hint`, `default_value`, `fixed`, `read_only`, `searchable`, `unique_`, `mod_date`) VALUES ('52c92b4e-ab2f-43df-a423-fed67c733e78','f6259cc9-5d78-453e-8167-efd7b72b2e96','Image','com.dotcms.contenttype.model.field.ImageField',NULL,'text3',0,0,0,'image',8,NULL,NULL,NULL,NULL,1,0,0,0,'2017-12-05 18:34:34');
INSERT INTO `field` (`inode`, `structure_inode`, `field_name`, `field_type`, `field_relation_type`, `field_contentlet`, `required`, `indexed`, `listed`, `velocity_var_name`, `sort_order`, `field_values`, `regex_check`, `hint`, `default_value`, `fixed`, `read_only`, `searchable`, `unique_`, `mod_date`) VALUES ('5919331b-62f3-45e7-bd80-0ddbe0bf297a','f6259cc9-5d78-453e-8167-efd7b72b2e96','File','com.dotcms.contenttype.model.field.FileField',NULL,'text4',0,0,0,'file',9,NULL,NULL,NULL,NULL,1,0,0,0,'2017-12-05 18:34:34');
INSERT INTO `field` (`inode`, `structure_inode`, `field_name`, `field_type`, `field_relation_type`, `field_contentlet`, `required`, `indexed`, `listed`, `velocity_var_name`, `sort_order`, `field_values`, `regex_check`, `hint`, `default_value`, `fixed`, `read_only`, `searchable`, `unique_`, `mod_date`) VALUES ('5a3bcf8b-0939-4996-b8c8-57bc76ad5fef','f6259cc9-5d78-453e-8167-efd7b72b2e96','Recurrence Day of Month','com.dotcms.contenttype.model.field.HiddenField',NULL,'integer2',0,1,0,'recurrenceDayOfMonth',16,NULL,NULL,NULL,NULL,1,0,1,0,'2017-12-05 18:34:35');
INSERT INTO `field` (`inode`, `structure_inode`, `field_name`, `field_type`, `field_relation_type`, `field_contentlet`, `required`, `indexed`, `listed`, `velocity_var_name`, `sort_order`, `field_values`, `regex_check`, `hint`, `default_value`, `fixed`, `read_only`, `searchable`, `unique_`, `mod_date`) VALUES ('5c6e0bff-cfeb-44c6-86e2-a0ba40e7b66c','2a3e91e4-fbbf-4876-8c5b-2233c1739b05','Body','com.dotcms.contenttype.model.field.WysiwygField',NULL,'text_area1',1,0,0,'body',3,NULL,NULL,NULL,NULL,0,0,0,0,'2017-12-05 18:34:38');
INSERT INTO `field` (`inode`, `structure_inode`, `field_name`, `field_type`, `field_relation_type`, `field_contentlet`, `required`, `indexed`, `listed`, `velocity_var_name`, `sort_order`, `field_values`, `regex_check`, `hint`, `default_value`, `fixed`, `read_only`, `searchable`, `unique_`, `mod_date`) VALUES ('5ee13991-970e-4a0b-b5e8-6547d7bb3bf2','855a2d72-f2f3-4169-8b04-ac5157c4380c','Site Tags','com.dotcms.contenttype.model.field.LineDividerField',NULL,'system_field',0,0,0,'siteKeys',9,NULL,NULL,NULL,NULL,0,0,0,0,'2017-12-05 18:34:37');
INSERT INTO `field` (`inode`, `structure_inode`, `field_name`, `field_type`, `field_relation_type`, `field_contentlet`, `required`, `indexed`, `listed`, `velocity_var_name`, `sort_order`, `field_values`, `regex_check`, `hint`, `default_value`, `fixed`, `read_only`, `searchable`, `unique_`, `mod_date`) VALUES ('606ac3af-63e5-4bd4-bfa1-c4c672bb8eb8','c938b15f-bcb6-49ef-8651-14d455a97045','Site/Folder','com.dotcms.contenttype.model.field.HostFolderField',NULL,'system_field',1,1,0,'hostFolder',1,NULL,NULL,NULL,NULL,1,0,1,0,'2017-12-05 18:34:37');
INSERT INTO `field` (`inode`, `structure_inode`, `field_name`, `field_type`, `field_relation_type`, `field_contentlet`, `required`, `indexed`, `listed`, `velocity_var_name`, `sort_order`, `field_values`, `regex_check`, `hint`, `default_value`, `fixed`, `read_only`, `searchable`, `unique_`, `mod_date`) VALUES ('65e4e742-d87a-47ff-84ef-fde44e889e27','c938b15f-bcb6-49ef-8651-14d455a97045','Description','com.dotcms.contenttype.model.field.TextAreaField',NULL,'text_area2',0,1,0,'description',6,NULL,NULL,NULL,NULL,1,0,1,0,'2017-12-05 18:34:37');
INSERT INTO `field` (`inode`, `structure_inode`, `field_name`, `field_type`, `field_relation_type`, `field_contentlet`, `required`, `indexed`, `listed`, `velocity_var_name`, `sort_order`, `field_values`, `regex_check`, `hint`, `default_value`, `fixed`, `read_only`, `searchable`, `unique_`, `mod_date`) VALUES ('6b25d960-034d-4030-b785-89cc01baaa3d','c938b15f-bcb6-49ef-8651-14d455a97045','Key Tag','com.dotcms.contenttype.model.field.CustomField',NULL,'text2',1,1,1,'keyTag',3,'$velutil.mergeTemplate(\'/static/personas/keytag_custom_field.vtl\')','[a-zA-Z0-9]+',NULL,NULL,1,0,1,0,'2017-12-05 18:34:37');
INSERT INTO `field` (`inode`, `structure_inode`, `field_name`, `field_type`, `field_relation_type`, `field_contentlet`, `required`, `indexed`, `listed`, `velocity_var_name`, `sort_order`, `field_values`, `regex_check`, `hint`, `default_value`, `fixed`, `read_only`, `searchable`, `unique_`, `mod_date`) VALUES ('6b33d6be-d197-4f9e-8fc3-d20d36e08c75','4d21b6d8-1711-4ae6-9419-89e2b1ae5a06','Widget Pre-Execute','com.dotcms.contenttype.model.field.ConstantField',NULL,'system_field',0,1,0,'widgetPreexecute',4,NULL,NULL,NULL,NULL,1,1,1,0,'2017-12-05 18:34:32');
INSERT INTO `field` (`inode`, `structure_inode`, `field_name`, `field_type`, `field_relation_type`, `field_contentlet`, `required`, `indexed`, `listed`, `velocity_var_name`, `sort_order`, `field_values`, `regex_check`, `hint`, `default_value`, `fixed`, `read_only`, `searchable`, `unique_`, `mod_date`) VALUES ('71f3043a-d1c1-4d71-b37a-787334117b2a','a007def2-896d-4fd1-843b-d3abb5305f3f','IP Address','com.dotcms.contenttype.model.field.TextField',NULL,'text7',0,0,0,'ipAddress',8,NULL,NULL,NULL,NULL,1,0,0,0,'2017-12-05 18:34:33');
INSERT INTO `field` (`inode`, `structure_inode`, `field_name`, `field_type`, `field_relation_type`, `field_contentlet`, `required`, `indexed`, `listed`, `velocity_var_name`, `sort_order`, `field_values`, `regex_check`, `hint`, `default_value`, `fixed`, `read_only`, `searchable`, `unique_`, `mod_date`) VALUES ('74715ca5-6f1c-4580-b511-f91dbe5ad703','f6259cc9-5d78-453e-8167-efd7b72b2e96','Recurs','com.dotcms.contenttype.model.field.HiddenField',NULL,'bool1',0,1,0,'recurs',10,NULL,NULL,NULL,NULL,1,0,1,0,'2017-12-05 18:34:34');
INSERT INTO `field` (`inode`, `structure_inode`, `field_name`, `field_type`, `field_relation_type`, `field_contentlet`, `required`, `indexed`, `listed`, `velocity_var_name`, `sort_order`, `field_values`, `regex_check`, `hint`, `default_value`, `fixed`, `read_only`, `searchable`, `unique_`, `mod_date`) VALUES ('7adb7ed2-4c15-4399-9675-c32f84ba8ff9','f6259cc9-5d78-453e-8167-efd7b72b2e96','Title','com.dotcms.contenttype.model.field.TextField',NULL,'text1',1,1,1,'title',2,NULL,NULL,NULL,NULL,1,0,1,0,'2017-12-05 18:34:34');
INSERT INTO `field` (`inode`, `structure_inode`, `field_name`, `field_type`, `field_relation_type`, `field_contentlet`, `required`, `indexed`, `listed`, `velocity_var_name`, `sort_order`, `field_values`, `regex_check`, `hint`, `default_value`, `fixed`, `read_only`, `searchable`, `unique_`, `mod_date`) VALUES ('7e438b93-b631-4812-9c9c-331b03e6b1cd','8e850645-bb92-4fda-a765-e67063a59be0','Action','com.dotcms.contenttype.model.field.SelectField',NULL,'integer1',1,1,1,'action',4,'200 - Forward|200\r\n301 - Permanent Redirect|301\r\n302 - Temporary Redirect|302',NULL,NULL,NULL,1,0,1,0,'2017-12-05 18:34:40');
INSERT INTO `field` (`inode`, `structure_inode`, `field_name`, `field_type`, `field_relation_type`, `field_contentlet`, `required`, `indexed`, `listed`, `velocity_var_name`, `sort_order`, `field_values`, `regex_check`, `hint`, `default_value`, `fixed`, `read_only`, `searchable`, `unique_`, `mod_date`) VALUES ('8377586d-ac40-43b9-81ce-55b64f24433b','855a2d72-f2f3-4169-8b04-ac5157c4380c','Host Thumbnail','com.dotcms.contenttype.model.field.BinaryField',NULL,'system_field',0,0,0,'hostThumbnail',4,NULL,NULL,NULL,NULL,1,0,0,0,'2017-12-05 18:34:37');
INSERT INTO `field` (`inode`, `structure_inode`, `field_name`, `field_type`, `field_relation_type`, `field_contentlet`, `required`, `indexed`, `listed`, `velocity_var_name`, `sort_order`, `field_values`, `regex_check`, `hint`, `default_value`, `fixed`, `read_only`, `searchable`, `unique_`, `mod_date`) VALUES ('8859f1ed-84ad-4105-acda-5d5d29553d9b','4d21b6d8-1711-4ae6-9419-89e2b1ae5a06','Widget Title','com.dotcms.contenttype.model.field.TextField',NULL,'text3',1,1,1,'widgetTitle',1,NULL,NULL,NULL,NULL,1,0,1,0,'2017-12-05 18:34:32');
INSERT INTO `field` (`inode`, `structure_inode`, `field_name`, `field_type`, `field_relation_type`, `field_contentlet`, `required`, `indexed`, `listed`, `velocity_var_name`, `sort_order`, `field_values`, `regex_check`, `hint`, `default_value`, `fixed`, `read_only`, `searchable`, `unique_`, `mod_date`) VALUES ('8d699885-867b-4b96-bff9-1198e96f8941','f6259cc9-5d78-453e-8167-efd7b72b2e96','Recurrence Start','com.dotcms.contenttype.model.field.HiddenField',NULL,'date3',0,1,0,'recurrenceStart',11,NULL,NULL,NULL,NULL,1,0,1,0,'2017-12-05 18:34:34');
INSERT INTO `field` (`inode`, `structure_inode`, `field_name`, `field_type`, `field_relation_type`, `field_contentlet`, `required`, `indexed`, `listed`, `velocity_var_name`, `sort_order`, `field_values`, `regex_check`, `hint`, `default_value`, `fixed`, `read_only`, `searchable`, `unique_`, `mod_date`) VALUES ('95b191a7-a28e-463f-bb0f-e0d36fb40022','c541abb1-69b3-4bc5-8430-5e09e5239cc8','Canonical URL','com.dotcms.contenttype.model.field.TextField',NULL,'text10',0,0,0,'canonicalUrl',15,NULL,NULL,NULL,NULL,0,0,0,0,'2017-12-05 18:34:36');
INSERT INTO `field` (`inode`, `structure_inode`, `field_name`, `field_type`, `field_relation_type`, `field_contentlet`, `required`, `indexed`, `listed`, `velocity_var_name`, `sort_order`, `field_values`, `regex_check`, `hint`, `default_value`, `fixed`, `read_only`, `searchable`, `unique_`, `mod_date`) VALUES ('98e9924d-8847-4ceb-a2a7-19508c3c1106','f6259cc9-5d78-453e-8167-efd7b72b2e96','Host','com.dotcms.contenttype.model.field.HostFolderField',NULL,'system_field',0,1,0,'host1',1,NULL,NULL,NULL,NULL,1,0,1,0,'2017-12-05 18:34:34');
INSERT INTO `field` (`inode`, `structure_inode`, `field_name`, `field_type`, `field_relation_type`, `field_contentlet`, `required`, `indexed`, `listed`, `velocity_var_name`, `sort_order`, `field_values`, `regex_check`, `hint`, `default_value`, `fixed`, `read_only`, `searchable`, `unique_`, `mod_date`) VALUES ('99ac031c-7d72-4b08-bedd-37a71b594950','c541abb1-69b3-4bc5-8430-5e09e5239cc8','Show on Menu','com.dotcms.contenttype.model.field.CheckboxField',NULL,'text6',0,1,0,'showOnMenu',6,'|true',NULL,NULL,'false',1,0,0,0,'2017-12-05 18:34:36');
INSERT INTO `field` (`inode`, `structure_inode`, `field_name`, `field_type`, `field_relation_type`, `field_contentlet`, `required`, `indexed`, `listed`, `velocity_var_name`, `sort_order`, `field_values`, `regex_check`, `hint`, `default_value`, `fixed`, `read_only`, `searchable`, `unique_`, `mod_date`) VALUES ('9ae3e58a-75c9-4e4a-90f3-6f0d5f32a6f0','8e850645-bb92-4fda-a765-e67063a59be0','Order','com.dotcms.contenttype.model.field.TextField',NULL,'integer2',1,1,0,'order',6,NULL,NULL,NULL,'0',1,0,1,0,'2017-12-05 18:34:40');
INSERT INTO `field` (`inode`, `structure_inode`, `field_name`, `field_type`, `field_relation_type`, `field_contentlet`, `required`, `indexed`, `listed`, `velocity_var_name`, `sort_order`, `field_values`, `regex_check`, `hint`, `default_value`, `fixed`, `read_only`, `searchable`, `unique_`, `mod_date`) VALUES ('9e194425-7cea-45b1-81b9-aa53b4f9641e','33888b6f-7a8e-4069-b1b6-5c1aa9d0a48d','Host Or Folder','com.dotcms.contenttype.model.field.HostFolderField',NULL,'text1',1,1,0,'hostFolder',1,NULL,NULL,NULL,NULL,1,0,1,0,'2017-12-05 18:34:31');
INSERT INTO `field` (`inode`, `structure_inode`, `field_name`, `field_type`, `field_relation_type`, `field_contentlet`, `required`, `indexed`, `listed`, `velocity_var_name`, `sort_order`, `field_values`, `regex_check`, `hint`, `default_value`, `fixed`, `read_only`, `searchable`, `unique_`, `mod_date`) VALUES ('9f5a97dc-703c-4721-9cce-29478671558b','2a3e91e4-fbbf-4876-8c5b-2233c1739b05','Title','com.dotcms.contenttype.model.field.TextField',NULL,'text1',1,1,1,'title',1,NULL,'[^(<[.\\n]+>)]*',NULL,NULL,0,0,1,0,'2017-12-05 18:34:38');
INSERT INTO `field` (`inode`, `structure_inode`, `field_name`, `field_type`, `field_relation_type`, `field_contentlet`, `required`, `indexed`, `listed`, `velocity_var_name`, `sort_order`, `field_values`, `regex_check`, `hint`, `default_value`, `fixed`, `read_only`, `searchable`, `unique_`, `mod_date`) VALUES ('a0712c61-06ec-4019-a148-21d53fe05f92','855a2d72-f2f3-4169-8b04-ac5157c4380c','Is System Host','com.dotcms.contenttype.model.field.HiddenField',NULL,'bool2',0,1,0,'isSystemHost',4,'true|true\nfalse|false',NULL,NULL,'false',1,1,0,0,'2017-12-05 18:34:37');
INSERT INTO `field` (`inode`, `structure_inode`, `field_name`, `field_type`, `field_relation_type`, `field_contentlet`, `required`, `indexed`, `listed`, `velocity_var_name`, `sort_order`, `field_values`, `regex_check`, `hint`, `default_value`, `fixed`, `read_only`, `searchable`, `unique_`, `mod_date`) VALUES ('a1bfbb4f-b78b-4197-94e7-917f4e812043','c541abb1-69b3-4bc5-8430-5e09e5239cc8','Url','com.dotcms.contenttype.model.field.TextField',NULL,'text3',1,1,1,'url',2,NULL,NULL,NULL,NULL,1,0,1,0,'2017-12-05 18:34:36');
INSERT INTO `field` (`inode`, `structure_inode`, `field_name`, `field_type`, `field_relation_type`, `field_contentlet`, `required`, `indexed`, `listed`, `velocity_var_name`, `sort_order`, `field_values`, `regex_check`, `hint`, `default_value`, `fixed`, `read_only`, `searchable`, `unique_`, `mod_date`) VALUES ('a8ee0bef-3f5b-4572-9a24-c4d0112548c4','f6259cc9-5d78-453e-8167-efd7b72b2e96','Recurrence Days of Week','com.dotcms.contenttype.model.field.HiddenField',NULL,'text_area3',0,1,0,'recurrenceDaysOfWeek',15,NULL,NULL,NULL,NULL,1,0,1,0,'2017-12-05 18:34:35');
INSERT INTO `field` (`inode`, `structure_inode`, `field_name`, `field_type`, `field_relation_type`, `field_contentlet`, `required`, `indexed`, `listed`, `velocity_var_name`, `sort_order`, `field_values`, `regex_check`, `hint`, `default_value`, `fixed`, `read_only`, `searchable`, `unique_`, `mod_date`) VALUES ('b0d65eee-b050-4fa2-bcf6-4016dc4e20af','c541abb1-69b3-4bc5-8430-5e09e5239cc8','HTTPS Required','com.dotcms.contenttype.model.field.CheckboxField',NULL,'text9',0,1,0,'httpsreq',11,'|true',NULL,NULL,'false',1,0,0,0,'2017-12-05 18:34:36');
INSERT INTO `field` (`inode`, `structure_inode`, `field_name`, `field_type`, `field_relation_type`, `field_contentlet`, `required`, `indexed`, `listed`, `velocity_var_name`, `sort_order`, `field_values`, `regex_check`, `hint`, `default_value`, `fixed`, `read_only`, `searchable`, `unique_`, `mod_date`) VALUES ('b48eb11e-8de0-417d-a768-46fa4d0e0b5c','f6259cc9-5d78-453e-8167-efd7b72b2e96','Recurrence Month Of Year','com.dotcms.contenttype.model.field.HiddenField',NULL,'integer5',0,1,0,'recurrenceMonthOfYear',23,NULL,NULL,NULL,NULL,1,0,1,0,'2017-12-05 18:34:35');
INSERT INTO `field` (`inode`, `structure_inode`, `field_name`, `field_type`, `field_relation_type`, `field_contentlet`, `required`, `indexed`, `listed`, `velocity_var_name`, `sort_order`, `field_values`, `regex_check`, `hint`, `default_value`, `fixed`, `read_only`, `searchable`, `unique_`, `mod_date`) VALUES ('b6ac789e-6c04-4aa4-92d0-b5348b1341cd','a007def2-896d-4fd1-843b-d3abb5305f3f','Title','com.dotcms.contenttype.model.field.TextField',NULL,'text1',1,1,1,'title',0,NULL,NULL,NULL,NULL,1,0,0,0,'2017-12-05 18:34:33');
INSERT INTO `field` (`inode`, `structure_inode`, `field_name`, `field_type`, `field_relation_type`, `field_contentlet`, `required`, `indexed`, `listed`, `velocity_var_name`, `sort_order`, `field_values`, `regex_check`, `hint`, `default_value`, `fixed`, `read_only`, `searchable`, `unique_`, `mod_date`) VALUES ('b889dbf8-5e2c-4537-9f2b-024892cf2928','33888b6f-7a8e-4069-b1b6-5c1aa9d0a48d','Show On Menu','com.dotcms.contenttype.model.field.CheckboxField',NULL,'text4',0,1,0,'showOnMenu',7,'|true',NULL,NULL,'false',1,0,0,0,'2017-12-05 18:34:32');
INSERT INTO `field` (`inode`, `structure_inode`, `field_name`, `field_type`, `field_relation_type`, `field_contentlet`, `required`, `indexed`, `listed`, `velocity_var_name`, `sort_order`, `field_values`, `regex_check`, `hint`, `default_value`, `fixed`, `read_only`, `searchable`, `unique_`, `mod_date`) VALUES ('ba99667c-87be-44cd-82b6-4aa7bb157ac7','c541abb1-69b3-4bc5-8430-5e09e5239cc8','Redirect Url','com.dotcms.contenttype.model.field.CustomField',NULL,'text8',0,1,0,'redirecturl',10,'$velutil.mergeTemplate(\'/static/htmlpage_assets/redirect_custom_field.vtl\')',NULL,NULL,NULL,1,0,1,0,'2017-12-05 18:34:36');
INSERT INTO `field` (`inode`, `structure_inode`, `field_name`, `field_type`, `field_relation_type`, `field_contentlet`, `required`, `indexed`, `listed`, `velocity_var_name`, `sort_order`, `field_values`, `regex_check`, `hint`, `default_value`, `fixed`, `read_only`, `searchable`, `unique_`, `mod_date`) VALUES ('bca1a66b-4ab0-44aa-b73c-502390d4b4f1','855a2d72-f2f3-4169-8b04-ac5157c4380c','Keywords','com.dotcms.contenttype.model.field.TextAreaField',NULL,'text_area3',0,0,0,'keywords',7,NULL,'[^(<[.\\n]+>)]*','Use comma to seperate keywords',NULL,0,0,0,0,'2017-12-05 18:34:37');
INSERT INTO `field` (`inode`, `structure_inode`, `field_name`, `field_type`, `field_relation_type`, `field_contentlet`, `required`, `indexed`, `listed`, `velocity_var_name`, `sort_order`, `field_values`, `regex_check`, `hint`, `default_value`, `fixed`, `read_only`, `searchable`, `unique_`, `mod_date`) VALUES ('bf73876b-8517-4123-a0ec-d862ba6e8797','c541abb1-69b3-4bc5-8430-5e09e5239cc8','Template','com.dotcms.contenttype.model.field.CustomField',NULL,'text5',1,1,0,'template',4,'$velutil.mergeTemplate(\'/static/htmlpage_assets/template_custom_field.vtl\')',NULL,NULL,NULL,1,0,1,0,'2017-12-05 18:34:36');
INSERT INTO `field` (`inode`, `structure_inode`, `field_name`, `field_type`, `field_relation_type`, `field_contentlet`, `required`, `indexed`, `listed`, `velocity_var_name`, `sort_order`, `field_values`, `regex_check`, `hint`, `default_value`, `fixed`, `read_only`, `searchable`, `unique_`, `mod_date`) VALUES ('c4628fad-9122-404a-8248-faaac4e6c29f','855a2d72-f2f3-4169-8b04-ac5157c4380c','Is Default','com.dotcms.contenttype.model.field.HiddenField',NULL,'bool1',0,1,0,'isDefault',3,'true|true\nfalse|false',NULL,NULL,'false',1,1,0,0,'2017-12-05 18:34:37');
INSERT INTO `field` (`inode`, `structure_inode`, `field_name`, `field_type`, `field_relation_type`, `field_contentlet`, `required`, `indexed`, `listed`, `velocity_var_name`, `sort_order`, `field_values`, `regex_check`, `hint`, `default_value`, `fixed`, `read_only`, `searchable`, `unique_`, `mod_date`) VALUES ('c46e28fd-38e9-46d2-ab04-168b18cbde23','f6259cc9-5d78-453e-8167-efd7b72b2e96','No Recurrence End','com.dotcms.contenttype.model.field.HiddenField',NULL,'bool2',0,1,0,'noRecurrenceEnd',19,NULL,NULL,NULL,NULL,1,0,1,0,'2017-12-05 18:34:35');
INSERT INTO `field` (`inode`, `structure_inode`, `field_name`, `field_type`, `field_relation_type`, `field_contentlet`, `required`, `indexed`, `listed`, `velocity_var_name`, `sort_order`, `field_values`, `regex_check`, `hint`, `default_value`, `fixed`, `read_only`, `searchable`, `unique_`, `mod_date`) VALUES ('c50906a6-dafb-4348-a185-a9334448813c','c541abb1-69b3-4bc5-8430-5e09e5239cc8','Page Metadata','com.dotcms.contenttype.model.field.TextAreaField',NULL,'text_area3',0,1,0,'pagemetadata',14,NULL,NULL,NULL,NULL,1,0,1,0,'2017-12-05 18:34:36');
INSERT INTO `field` (`inode`, `structure_inode`, `field_name`, `field_type`, `field_relation_type`, `field_contentlet`, `required`, `indexed`, `listed`, `velocity_var_name`, `sort_order`, `field_values`, `regex_check`, `hint`, `default_value`, `fixed`, `read_only`, `searchable`, `unique_`, `mod_date`) VALUES ('c623cd2f-6653-47d8-9825-1153061ea088','c541abb1-69b3-4bc5-8430-5e09e5239cc8','Title','com.dotcms.contenttype.model.field.CustomField',NULL,'text1',1,1,1,'title',1,'$velutil.mergeTemplate(\'/static/htmlpage_assets/title_custom_field.vtl\')',NULL,NULL,NULL,1,0,1,0,'2017-12-05 18:34:36');
INSERT INTO `field` (`inode`, `structure_inode`, `field_name`, `field_type`, `field_relation_type`, `field_contentlet`, `required`, `indexed`, `listed`, `velocity_var_name`, `sort_order`, `field_values`, `regex_check`, `hint`, `default_value`, `fixed`, `read_only`, `searchable`, `unique_`, `mod_date`) VALUES ('c6960e09-8eb1-431e-8a5d-fa22d91cd6f1','33888b6f-7a8e-4069-b1b6-5c1aa9d0a48d','Metadata','com.dotcms.contenttype.model.field.KeyValueField',NULL,'text_area1',0,1,0,'metaData',6,NULL,NULL,NULL,NULL,1,1,1,0,'2017-12-05 18:34:32');
INSERT INTO `field` (`inode`, `structure_inode`, `field_name`, `field_type`, `field_relation_type`, `field_contentlet`, `required`, `indexed`, `listed`, `velocity_var_name`, `sort_order`, `field_values`, `regex_check`, `hint`, `default_value`, `fixed`, `read_only`, `searchable`, `unique_`, `mod_date`) VALUES ('c7829c13-cf47-4a20-9331-85fb314cef8e','f4d7c1b8-2c88-4071-abf1-a5328977b07d','Value','com.dotcms.contenttype.model.field.TextAreaField',NULL,'text_area1',1,1,1,'value',2,NULL,NULL,NULL,NULL,1,0,1,0,'2017-12-05 18:34:40');
INSERT INTO `field` (`inode`, `structure_inode`, `field_name`, `field_type`, `field_relation_type`, `field_contentlet`, `required`, `indexed`, `listed`, `velocity_var_name`, `sort_order`, `field_values`, `regex_check`, `hint`, `default_value`, `fixed`, `read_only`, `searchable`, `unique_`, `mod_date`) VALUES ('c7849b12-f7d8-4810-8ec9-e603faed954f','f6259cc9-5d78-453e-8167-efd7b72b2e96','Categories','com.dotcms.contenttype.model.field.CategoryField',NULL,'system_field',0,1,0,'categories',11,'375341a2-0912-422f-b903-2602b6105c70',NULL,NULL,NULL,0,0,0,0,'2017-12-05 18:34:35');
INSERT INTO `field` (`inode`, `structure_inode`, `field_name`, `field_type`, `field_relation_type`, `field_contentlet`, `required`, `indexed`, `listed`, `velocity_var_name`, `sort_order`, `field_values`, `regex_check`, `hint`, `default_value`, `fixed`, `read_only`, `searchable`, `unique_`, `mod_date`) VALUES ('cf46e80e-7b1f-40b1-b9c7-fb837af60d38','f6259cc9-5d78-453e-8167-efd7b72b2e96','Disconnected From','com.dotcms.contenttype.model.field.HiddenField',NULL,'text8',0,1,0,'disconnectedFrom',18,NULL,NULL,NULL,NULL,1,0,1,0,'2017-12-05 18:34:35');
INSERT INTO `field` (`inode`, `structure_inode`, `field_name`, `field_type`, `field_relation_type`, `field_contentlet`, `required`, `indexed`, `listed`, `velocity_var_name`, `sort_order`, `field_values`, `regex_check`, `hint`, `default_value`, `fixed`, `read_only`, `searchable`, `unique_`, `mod_date`) VALUES ('cf5d08aa-7ff0-4fc8-a6ac-5a36e82cd741','855a2d72-f2f3-4169-8b04-ac5157c4380c','Tag Storage','com.dotcms.contenttype.model.field.CustomField',NULL,'text4',0,1,0,'tagStorage',3,'#parse(\'static/tag/tag_storage_field_creation.vtl\')',NULL,NULL,NULL,1,0,0,0,'2017-12-05 18:34:37');
INSERT INTO `field` (`inode`, `structure_inode`, `field_name`, `field_type`, `field_relation_type`, `field_contentlet`, `required`, `indexed`, `listed`, `velocity_var_name`, `sort_order`, `field_values`, `regex_check`, `hint`, `default_value`, `fixed`, `read_only`, `searchable`, `unique_`, `mod_date`) VALUES ('d12a2a4f-45f1-4194-95e3-338865e7afde','4d21b6d8-1711-4ae6-9419-89e2b1ae5a06','Widget Usage','com.dotcms.contenttype.model.field.ConstantField',NULL,'system_field',0,1,0,'widgetUsage',2,NULL,NULL,NULL,NULL,1,1,1,0,'2017-12-05 18:34:32');
INSERT INTO `field` (`inode`, `structure_inode`, `field_name`, `field_type`, `field_relation_type`, `field_contentlet`, `required`, `indexed`, `listed`, `velocity_var_name`, `sort_order`, `field_values`, `regex_check`, `hint`, `default_value`, `fixed`, `read_only`, `searchable`, `unique_`, `mod_date`) VALUES ('d8a7431e-140d-4076-bf07-17fdfad6a14e','c541abb1-69b3-4bc5-8430-5e09e5239cc8','Friendly Name','com.dotcms.contenttype.model.field.TextField',NULL,'text7',1,1,0,'friendlyname',5,NULL,NULL,NULL,NULL,1,0,1,0,'2017-12-05 18:34:36');
INSERT INTO `field` (`inode`, `structure_inode`, `field_name`, `field_type`, `field_relation_type`, `field_contentlet`, `required`, `indexed`, `listed`, `velocity_var_name`, `sort_order`, `field_values`, `regex_check`, `hint`, `default_value`, `fixed`, `read_only`, `searchable`, `unique_`, `mod_date`) VALUES ('de4fea7f-4d8f-48eb-8a63-20772dced99a','8e850645-bb92-4fda-a765-e67063a59be0','Uri','com.dotcms.contenttype.model.field.TextField',NULL,'text3',1,1,1,'uri',3,NULL,NULL,NULL,NULL,1,0,1,0,'2017-12-05 18:34:40');
INSERT INTO `field` (`inode`, `structure_inode`, `field_name`, `field_type`, `field_relation_type`, `field_contentlet`, `required`, `indexed`, `listed`, `velocity_var_name`, `sort_order`, `field_values`, `regex_check`, `hint`, `default_value`, `fixed`, `read_only`, `searchable`, `unique_`, `mod_date`) VALUES ('dfc5f28d-d47e-4007-869a-f2d5cfbc3d39','c541abb1-69b3-4bc5-8430-5e09e5239cc8','SEO Description','com.dotcms.contenttype.model.field.TextAreaField',NULL,'text_area1',0,1,0,'seodescription',12,NULL,NULL,NULL,NULL,1,0,1,0,'2017-12-05 18:34:36');
INSERT INTO `field` (`inode`, `structure_inode`, `field_name`, `field_type`, `field_relation_type`, `field_contentlet`, `required`, `indexed`, `listed`, `velocity_var_name`, `sort_order`, `field_values`, `regex_check`, `hint`, `default_value`, `fixed`, `read_only`, `searchable`, `unique_`, `mod_date`) VALUES ('e2b867d4-f15d-46cf-904e-a537cc2df541','a007def2-896d-4fd1-843b-d3abb5305f3f','Comment','com.dotcms.contenttype.model.field.WysiwygField',NULL,'text_area1',1,1,0,'comment',6,NULL,NULL,NULL,NULL,1,0,0,0,'2017-12-05 18:34:33');
INSERT INTO `field` (`inode`, `structure_inode`, `field_name`, `field_type`, `field_relation_type`, `field_contentlet`, `required`, `indexed`, `listed`, `velocity_var_name`, `sort_order`, `field_values`, `regex_check`, `hint`, `default_value`, `fixed`, `read_only`, `searchable`, `unique_`, `mod_date`) VALUES ('e633ab20-0aa1-4ed1-b052-82a711af61df','c541abb1-69b3-4bc5-8430-5e09e5239cc8','Cache TTL','com.dotcms.contenttype.model.field.CustomField',NULL,'text4',1,1,0,'cachettl',8,'$velutil.mergeTemplate(\'/static/htmlpage_assets/cachettl_custom_field.vtl\')','^[0-9]+$',NULL,NULL,1,0,1,0,'2017-12-05 18:34:36');
INSERT INTO `field` (`inode`, `structure_inode`, `field_name`, `field_type`, `field_relation_type`, `field_contentlet`, `required`, `indexed`, `listed`, `velocity_var_name`, `sort_order`, `field_values`, `regex_check`, `hint`, `default_value`, `fixed`, `read_only`, `searchable`, `unique_`, `mod_date`) VALUES ('e663f6bc-c6c4-4676-8be4-fa71fdb0cdd3','a007def2-896d-4fd1-843b-d3abb5305f3f','Author','com.dotcms.contenttype.model.field.TextField',NULL,'text3',0,0,0,'author',3,NULL,NULL,NULL,NULL,1,0,0,0,'2017-12-05 18:34:33');
INSERT INTO `field` (`inode`, `structure_inode`, `field_name`, `field_type`, `field_relation_type`, `field_contentlet`, `required`, `indexed`, `listed`, `velocity_var_name`, `sort_order`, `field_values`, `regex_check`, `hint`, `default_value`, `fixed`, `read_only`, `searchable`, `unique_`, `mod_date`) VALUES ('ea67f7b5-d7b4-4f7c-ae1a-5c008f3a8a16','f6259cc9-5d78-453e-8167-efd7b72b2e96','Recurrence Interval','com.dotcms.contenttype.model.field.HiddenField',NULL,'integer1',0,1,0,'recurrenceInterval',14,NULL,NULL,NULL,NULL,1,0,1,0,'2017-12-05 18:34:35');
INSERT INTO `field` (`inode`, `structure_inode`, `field_name`, `field_type`, `field_relation_type`, `field_contentlet`, `required`, `indexed`, `listed`, `velocity_var_name`, `sort_order`, `field_values`, `regex_check`, `hint`, `default_value`, `fixed`, `read_only`, `searchable`, `unique_`, `mod_date`) VALUES ('ec8cc36f-6058-4ab5-9bfb-fc36ab011ee5','855a2d72-f2f3-4169-8b04-ac5157c4380c','Host Name','com.dotcms.contenttype.model.field.TextField',NULL,'text1',1,1,1,'hostName',1,NULL,NULL,NULL,NULL,1,0,1,1,'2017-12-05 18:34:37');
INSERT INTO `field` (`inode`, `structure_inode`, `field_name`, `field_type`, `field_relation_type`, `field_contentlet`, `required`, `indexed`, `listed`, `velocity_var_name`, `sort_order`, `field_values`, `regex_check`, `hint`, `default_value`, `fixed`, `read_only`, `searchable`, `unique_`, `mod_date`) VALUES ('ed892f16-a88e-4cdc-b9c3-8324709f8a21','f6259cc9-5d78-453e-8167-efd7b72b2e96','Description','com.dotcms.contenttype.model.field.WysiwygField',NULL,'text_area1',0,1,0,'description',6,NULL,NULL,NULL,NULL,1,0,1,0,'2017-12-05 18:34:34');
INSERT INTO `field` (`inode`, `structure_inode`, `field_name`, `field_type`, `field_relation_type`, `field_contentlet`, `required`, `indexed`, `listed`, `velocity_var_name`, `sort_order`, `field_values`, `regex_check`, `hint`, `default_value`, `fixed`, `read_only`, `searchable`, `unique_`, `mod_date`) VALUES ('f00b3844-820d-4967-9f8e-0cce68d22b13','c541abb1-69b3-4bc5-8430-5e09e5239cc8','SEO Keywords','com.dotcms.contenttype.model.field.TextAreaField',NULL,'text_area2',0,1,0,'seokeywords',13,NULL,NULL,NULL,NULL,1,0,1,0,'2017-12-05 18:34:36');
INSERT INTO `field` (`inode`, `structure_inode`, `field_name`, `field_type`, `field_relation_type`, `field_contentlet`, `required`, `indexed`, `listed`, `velocity_var_name`, `sort_order`, `field_values`, `regex_check`, `hint`, `default_value`, `fixed`, `read_only`, `searchable`, `unique_`, `mod_date`) VALUES ('f07d5eeb-609c-414a-83c7-948fce643e99','33888b6f-7a8e-4069-b1b6-5c1aa9d0a48d','File Name','com.dotcms.contenttype.model.field.TextField',NULL,'text3',0,1,1,'fileName',2,NULL,NULL,NULL,NULL,1,1,1,0,'2017-12-05 18:34:32');
INSERT INTO `field` (`inode`, `structure_inode`, `field_name`, `field_type`, `field_relation_type`, `field_contentlet`, `required`, `indexed`, `listed`, `velocity_var_name`, `sort_order`, `field_values`, `regex_check`, `hint`, `default_value`, `fixed`, `read_only`, `searchable`, `unique_`, `mod_date`) VALUES ('f231c8a7-9606-4823-8185-6e2172fd5506','f6259cc9-5d78-453e-8167-efd7b72b2e96','Recurrence Dates to Ignore','com.dotcms.contenttype.model.field.HiddenField',NULL,'text_area4',0,1,0,'recurrenceDatesToIgnore',17,NULL,NULL,NULL,NULL,1,0,1,0,'2017-12-05 18:34:35');
INSERT INTO `field` (`inode`, `structure_inode`, `field_name`, `field_type`, `field_relation_type`, `field_contentlet`, `required`, `indexed`, `listed`, `velocity_var_name`, `sort_order`, `field_values`, `regex_check`, `hint`, `default_value`, `fixed`, `read_only`, `searchable`, `unique_`, `mod_date`) VALUES ('f41dcc3c-36ce-4ea5-a621-23011936c418','855a2d72-f2f3-4169-8b04-ac5157c4380c','Google Map','com.dotcms.contenttype.model.field.TextField',NULL,'text5',0,0,0,'googleMap',11,NULL,'[^(<[.\\n]+>)]*','Google Map Key',NULL,0,0,0,0,'2017-12-05 18:34:37');
INSERT INTO `field` (`inode`, `structure_inode`, `field_name`, `field_type`, `field_relation_type`, `field_contentlet`, `required`, `indexed`, `listed`, `velocity_var_name`, `sort_order`, `field_values`, `regex_check`, `hint`, `default_value`, `fixed`, `read_only`, `searchable`, `unique_`, `mod_date`) VALUES ('f450cd53-6a33-4684-9d3f-4c0bdc5c362d','855a2d72-f2f3-4169-8b04-ac5157c4380c','Tag Management','com.dotcms.contenttype.model.field.TextAreaField',NULL,'text_area4',0,0,0,'tagManagement',10,NULL,NULL,NULL,NULL,0,0,0,0,'2017-12-05 18:34:37');
INSERT INTO `field` (`inode`, `structure_inode`, `field_name`, `field_type`, `field_relation_type`, `field_contentlet`, `required`, `indexed`, `listed`, `velocity_var_name`, `sort_order`, `field_values`, `regex_check`, `hint`, `default_value`, `fixed`, `read_only`, `searchable`, `unique_`, `mod_date`) VALUES ('f49faf40-ae06-48b4-8801-cf169c9d2eb7','33888b6f-7a8e-4069-b1b6-5c1aa9d0a48d','Title','com.dotcms.contenttype.model.field.TextField',NULL,'text2',1,1,0,'title',4,NULL,NULL,NULL,NULL,1,0,1,0,'2017-12-05 18:34:32');
INSERT INTO `field` (`inode`, `structure_inode`, `field_name`, `field_type`, `field_relation_type`, `field_contentlet`, `required`, `indexed`, `listed`, `velocity_var_name`, `sort_order`, `field_values`, `regex_check`, `hint`, `default_value`, `fixed`, `read_only`, `searchable`, `unique_`, `mod_date`) VALUES ('fe73df6d-9b92-4120-862e-c48c0a2a812d','a007def2-896d-4fd1-843b-d3abb5305f3f','Email','com.dotcms.contenttype.model.field.TextField',NULL,'text4',1,1,1,'email',4,NULL,NULL,NULL,NULL,1,0,0,0,'2017-12-05 18:34:33');

INSERT INTO `language` (`id`, `language_code`, `country_code`, `language`, `country`) VALUES (1,'en','US','English','United States');

INSERT INTO `contentlet` (`inode`, `show_on_menu`, `title`, `mod_date`, `mod_user`, `sort_order`, `friendly_name`, `structure_inode`, `last_review`, `next_review`, `review_interval`, `disabled_wysiwyg`, `identifier`, `language_id`, `date1`, `date2`, `date3`, `date4`, `date5`, `date6`, `date7`, `date8`, `date9`, `date10`, `date11`, `date12`, `date13`, `date14`, `date15`, `date16`, `date17`, `date18`, `date19`, `date20`, `date21`, `date22`, `date23`, `date24`, `date25`, `text1`, `text2`, `text3`, `text4`, `text5`, `text6`, `text7`, `text8`, `text9`, `text10`, `text11`, `text12`, `text13`, `text14`, `text15`, `text16`, `text17`, `text18`, `text19`, `text20`, `text21`, `text22`, `text23`, `text24`, `text25`, `text_area1`, `text_area2`, `text_area3`, `text_area4`, `text_area5`, `text_area6`, `text_area7`, `text_area8`, `text_area9`, `text_area10`, `text_area11`, `text_area12`, `text_area13`, `text_area14`, `text_area15`, `text_area16`, `text_area17`, `text_area18`, `text_area19`, `text_area20`, `text_area21`, `text_area22`, `text_area23`, `text_area24`, `text_area25`, `integer1`, `integer2`, `integer3`, `integer4`, `integer5`, `integer6`, `integer7`, `integer8`, `integer9`, `integer10`, `integer11`, `integer12`, `integer13`, `integer14`, `integer15`, `integer16`, `integer17`, `integer18`, `integer19`, `integer20`, `integer21`, `integer22`, `integer23`, `integer24`, `integer25`, `float1`, `float2`, `float3`, `float4`, `float5`, `float6`, `float7`, `float8`, `float9`, `float10`, `float11`, `float12`, `float13`, `float14`, `float15`, `float16`, `float17`, `float18`, `float19`, `float20`, `float21`, `float22`, `float23`, `float24`, `float25`, `bool1`, `bool2`, `bool3`, `bool4`, `bool5`, `bool6`, `bool7`, `bool8`, `bool9`, `bool10`, `bool11`, `bool12`, `bool13`, `bool14`, `bool15`, `bool16`, `bool17`, `bool18`, `bool19`, `bool20`, `bool21`, `bool22`, `bool23`, `bool24`, `bool25`) VALUES ('9b477a15-5ea4-4727-8b2b-034a862d87e4',0,'default','2017-12-05 18:37:15','dotcms.org.1',0,'default','855a2d72-f2f3-4169-8b04-ac5157c4380c','2017-12-05 18:37:02',NULL,NULL,NULL,'8a7d5e23-da1e-420a-b4f0-471e7da8ea2d',1,NULL,NULL,NULL,NULL,NULL,NULL,NULL,NULL,NULL,NULL,NULL,NULL,NULL,NULL,NULL,NULL,NULL,NULL,NULL,NULL,NULL,NULL,NULL,NULL,NULL,'default',NULL,NULL,'8a7d5e23-da1e-420a-b4f0-471e7da8ea2d',NULL,NULL,NULL,NULL,NULL,NULL,NULL,NULL,NULL,NULL,NULL,NULL,NULL,NULL,NULL,NULL,NULL,NULL,NULL,NULL,NULL,NULL,NULL,NULL,NULL,NULL,NULL,NULL,NULL,NULL,NULL,NULL,NULL,NULL,NULL,NULL,NULL,NULL,NULL,NULL,NULL,NULL,NULL,NULL,NULL,NULL,0,0,0,0,0,0,0,0,0,0,0,0,0,0,0,0,0,0,0,0,0,0,0,0,0,0,0,0,0,0,0,0,0,0,0,0,0,0,0,0,0,0,0,0,0,0,0,0,0,0,1,0,0,0,0,0,0,0,0,0,0,0,0,0,0,0,0,0,0,0,0,0,0,0,0);
INSERT INTO `contentlet` (`inode`, `show_on_menu`, `title`, `mod_date`, `mod_user`, `sort_order`, `friendly_name`, `structure_inode`, `last_review`, `next_review`, `review_interval`, `disabled_wysiwyg`, `identifier`, `language_id`, `date1`, `date2`, `date3`, `date4`, `date5`, `date6`, `date7`, `date8`, `date9`, `date10`, `date11`, `date12`, `date13`, `date14`, `date15`, `date16`, `date17`, `date18`, `date19`, `date20`, `date21`, `date22`, `date23`, `date24`, `date25`, `text1`, `text2`, `text3`, `text4`, `text5`, `text6`, `text7`, `text8`, `text9`, `text10`, `text11`, `text12`, `text13`, `text14`, `text15`, `text16`, `text17`, `text18`, `text19`, `text20`, `text21`, `text22`, `text23`, `text24`, `text25`, `text_area1`, `text_area2`, `text_area3`, `text_area4`, `text_area5`, `text_area6`, `text_area7`, `text_area8`, `text_area9`, `text_area10`, `text_area11`, `text_area12`, `text_area13`, `text_area14`, `text_area15`, `text_area16`, `text_area17`, `text_area18`, `text_area19`, `text_area20`, `text_area21`, `text_area22`, `text_area23`, `text_area24`, `text_area25`, `integer1`, `integer2`, `integer3`, `integer4`, `integer5`, `integer6`, `integer7`, `integer8`, `integer9`, `integer10`, `integer11`, `integer12`, `integer13`, `integer14`, `integer15`, `integer16`, `integer17`, `integer18`, `integer19`, `integer20`, `integer21`, `integer22`, `integer23`, `integer24`, `integer25`, `float1`, `float2`, `float3`, `float4`, `float5`, `float6`, `float7`, `float8`, `float9`, `float10`, `float11`, `float12`, `float13`, `float14`, `float15`, `float16`, `float17`, `float18`, `float19`, `float20`, `float21`, `float22`, `float23`, `float24`, `float25`, `bool1`, `bool2`, `bool3`, `bool4`, `bool5`, `bool6`, `bool7`, `bool8`, `bool9`, `bool10`, `bool11`, `bool12`, `bool13`, `bool14`, `bool15`, `bool16`, `bool17`, `bool18`, `bool19`, `bool20`, `bool21`, `bool22`, `bool23`, `bool24`, `bool25`) VALUES ('dbdec5e2-c02b-4cfb-83a9-4a4c4f3b2eb0',0,'System Host','2009-11-17 12:55:33','system',0,'System Host','855a2d72-f2f3-4169-8b04-ac5157c4380c',NULL,NULL,NULL,NULL,'SYSTEM_HOST',1,NULL,NULL,NULL,NULL,NULL,NULL,NULL,NULL,NULL,NULL,NULL,NULL,NULL,NULL,NULL,NULL,NULL,NULL,NULL,NULL,NULL,NULL,NULL,NULL,NULL,'System Host','','','',NULL,NULL,'',NULL,NULL,NULL,NULL,NULL,NULL,NULL,NULL,NULL,NULL,NULL,NULL,NULL,NULL,NULL,NULL,NULL,NULL,'',NULL,NULL,'',NULL,NULL,NULL,NULL,NULL,NULL,NULL,NULL,NULL,NULL,NULL,NULL,NULL,NULL,NULL,NULL,NULL,NULL,NULL,NULL,NULL,0,0,0,0,0,0,0,0,0,0,0,0,0,0,0,0,0,0,0,0,0,0,0,0,0,0,0,0,0,0,0,0,0,0,0,0,0,0,0,0,0,0,0,0,0,0,0,0,0,0,0,1,0,0,0,0,0,0,0,0,0,0,0,0,0,0,0,0,0,0,0,0,0,0,0);

INSERT INTO `contentlet_version_info` (`identifier`, `lang`, `working_inode`, `live_inode`, `deleted`, `locked_by`, `locked_on`, `version_ts`) VALUES ('8a7d5e23-da1e-420a-b4f0-471e7da8ea2d',1,'9b477a15-5ea4-4727-8b2b-034a862d87e4','9b477a15-5ea4-4727-8b2b-034a862d87e4','\0','dotcms.org.1','2017-12-05 18:37:15','2017-12-05 18:37:15');
INSERT INTO `contentlet_version_info` (`identifier`, `lang`, `working_inode`, `live_inode`, `deleted`, `locked_by`, `locked_on`, `version_ts`) VALUES ('SYSTEM_HOST',1,'dbdec5e2-c02b-4cfb-83a9-4a4c4f3b2eb0','dbdec5e2-c02b-4cfb-83a9-4a4c4f3b2eb0','\0',NULL,'2012-06-07 05:46:26','2017-03-07 13:25:58');


INSERT INTO `layouts_cms_roles` (`id`, `layout_id`, `role_id`) VALUES ('0074a8b8-e79f-454e-b876-b624725e5702','34885ddb-3537-4a79-a02c-0550c5087d5c','892ab105-f212-407f-8fb4-58ec59310a5e');
INSERT INTO `layouts_cms_roles` (`id`, `layout_id`, `role_id`) VALUES ('27129375-8565-474e-bd57-3092edd556b6','56fedb43-dbbf-4ce2-8b77-41fb73bad015','892ab105-f212-407f-8fb4-58ec59310a5e');
INSERT INTO `layouts_cms_roles` (`id`, `layout_id`, `role_id`) VALUES ('b4500b68-e5a2-4b10-9abc-a32ba2e06c05','71b8a1ca-37b6-4b6e-a43b-c7482f28db6c','892ab105-f212-407f-8fb4-58ec59310a5e');
INSERT INTO `layouts_cms_roles` (`id`, `layout_id`, `role_id`) VALUES ('b6d01116-51da-442f-8d63-3649d8efcfbf','89594b95-1354-4a63-8867-c922880107df','892ab105-f212-407f-8fb4-58ec59310a5e');
INSERT INTO `layouts_cms_roles` (`id`, `layout_id`, `role_id`) VALUES ('ad56e7d3-5c78-4d5c-8cc1-541a1379bb97','a8e430e3-8010-40cf-ade1-5978e61241a8','892ab105-f212-407f-8fb4-58ec59310a5e');
INSERT INTO `layouts_cms_roles` (`id`, `layout_id`, `role_id`) VALUES ('ffffd3f5-9eb1-4498-95db-4407ba7ab6ce','aa91172e-0fa6-482e-9a8b-1c202c7fca0e','892ab105-f212-407f-8fb4-58ec59310a5e');
INSERT INTO `layouts_cms_roles` (`id`, `layout_id`, `role_id`) VALUES ('5225f561-7bc0-4218-a96e-8c5151333692','b7ab5d3c-5ee0-4195-a17e-8f5579d718dd','892ab105-f212-407f-8fb4-58ec59310a5e');

INSERT INTO `log_mapper` (`enabled`, `log_name`, `description`) VALUES (1,'dotcms-adminaudit.log','log admin activity on dotcms.');
INSERT INTO `log_mapper` (`enabled`, `log_name`, `description`) VALUES (1,'dotcms-pushpublish.log','log push publishing activity on dotcms.');
INSERT INTO `log_mapper` (`enabled`, `log_name`, `description`) VALUES (1,'dotcms-security.log','log users login activity into dotcms.');
INSERT INTO `log_mapper` (`enabled`, `log_name`, `description`) VALUES (1,'dotcms-useractivity.log','log users action on pages, structures, documents.');


INSERT INTO `portlet` (`portletid`, `groupid`, `companyid`, `defaultpreferences`, `narrow`, `roles`, `active_`) VALUES ('9','SHARED_KEY','dotcms.org','<portlet-preferences>\r\n  <preference>\r\n  <name>MenuItems</name> \r\n  <value>\r\n    <menu-items>\r\n		    <!-- New Menu Items-->\r\n		    <menu-item position=\"top\">\r\n		    	<name>New</name>\r\n		    	<icon>/html/skin/image/dotcms/icons/page_new.gif</icon>\r\n		    	<assoc-portlet />\r\n		    	<params />\r\n		    	<submenu>\r\n				  	<menu-item>\r\n					  	<name>Group</name>\r\n					  	<icon>/html/skin/image/dotcms/icons/group_add.gif</icon>\r\n					  	<assoc-portlet>9</assoc-portlet>\r\n					  	<render />\r\n					  	<params>\r\n					  		<param>\r\n					  			<name>struts_action</name>\r\n					  			<value>/admin/list_groups</value>\r\n					  		</param>\r\n					  	</params>\r\n				  	</menu-item>\r\n				  	<menu-item>\r\n					  	<name>Role</name>\r\n					  	<icon>/html/skin/image/dotcms/icons/status_online_add.gif</icon>\r\n					  	<assoc-portlet>9</assoc-portlet>\r\n					  	<render />\r\n					  	<params>\r\n					  		<param>\r\n					  			<name>struts_action</name>\r\n					  			<value>/admin/list_roles</value>\r\n					  		</param>\r\n					  	</params>\r\n				  	</menu-item>\r\n		    	</submenu>\r\n				 </menu-item>\r\n		    <!-- Non-New Menu Items-->\r\n		  	<menu-item>\r\n			  	<name>Permissions</name>\r\n			  	<icon>/html/skin/image/dotcms/icons/lock.gif</icon>\r\n			  	<assoc-portlet>9</assoc-portlet>\r\n			  	<render />\r\n			  	<params>\r\n			  		<param>\r\n			  			<name>struts_action</name>\r\n			  			<value>/admin/view</value>\r\n			  		</param>\r\n			  	</params>\r\n			  	<submenu>\r\n				  	<menu-item>\r\n					  	<name>Groups</name>\r\n					  	<icon>/html/skin/image/dotcms/icons/group_key.gif</icon>\r\n					  	<assoc-portlet>9</assoc-portlet>\r\n					  	<render />\r\n					  	<params>\r\n					  		<param>\r\n					  			<name>struts_action</name>\r\n					  			<value>/admin/list_groups</value>\r\n					  		</param>\r\n					  	</params>\r\n				  	</menu-item>\r\n				  	<menu-item>\r\n					  	<name>Roles</name>\r\n					  	<icon>/html/skin/image/dotcms/icons/status_online_key.gif</icon>\r\n					  	<assoc-portlet>9</assoc-portlet>\r\n					  	<render />\r\n					  	<params>\r\n					  		<param>\r\n					  			<name>struts_action</name>\r\n					  			<value>/admin/list_roles</value>\r\n					  		</param>\r\n					  	</params>\r\n				  	</menu-item>\r\n				  	<menu-item>\r\n					  	<name>Portlets</name>\r\n					  	<icon>/html/skin/image/dotcms/icons/application_cascade_key.gif</icon>\r\n					  	<assoc-portlet>9</assoc-portlet>\r\n					  	<render />\r\n					  	<params>\r\n					  		<param>\r\n					  			<name>struts_action</name>\r\n					  			<value>/admin/list_portlets</value>\r\n					  		</param>\r\n					  	</params>\r\n				  	</menu-item>\r\n			  	</submenu>\r\n		  	</menu-item>\r\n	    </menu-items>\r\n    </value> \r\n  </preference>\r\n</portlet-preferences>',1,'Administrator,',1);
INSERT INTO `portlet` (`portletid`, `groupid`, `companyid`, `defaultpreferences`, `narrow`, `roles`, `active_`) VALUES ('EXT_11','SHARED_KEY','dotcms.org','<portlet-preferences>\r\n  <preference>\r\n  <name>MenuItems</name> \r\n  <value>\r\n    <menu-items>\r\n		    <!-- New Menu Items-->\r\n		    <menu-item position=\"top\">\r\n		    	<name>New</name>\r\n		    	<icon>/html/skin/image/dotcms/icons/page_new.gif</icon>\r\n		    	<assoc-portlet>EXT_11</assoc-portlet>\r\n		    	<show-contentlets />\r\n		    	<params />\r\n		    	<submenu/>\r\n		    </menu-item>\r\n		    <!-- Non-New Menu Items-->\r\n		  	<menu-item>\r\n			  	<name>Search Contents</name>\r\n			  	<icon>/html/skin/image/dotcms/icons/newspaper_search.gif</icon>\r\n			  	<assoc-portlet>EXT_11</assoc-portlet>\r\n			  	<params>\r\n			  		<param>\r\n			  			<name>struts_action</name>\r\n			  			<value>/ext/contentlet/view_contentlets</value>\r\n			  		</param>\r\n			  	</params>\r\n		  	</menu-item>\r\n		  	<menu-item>\r\n			  	<name>Import Content</name>\r\n			  	<icon>/html/skin/image/dotcms/icons/newspaper_up.gif</icon>\r\n			  	<assoc-portlet>EXT_11</assoc-portlet>\r\n			  	<params>\r\n			  		<param>\r\n			  			<name>struts_action</name>\r\n			  			<value>/ext/contentlet/import_contentlets</value>\r\n			  		</param>\r\n			  	</params>\r\n		  	</menu-item>\r\n	    </menu-items>\r\n    </value> \r\n  </preference>\r\n</portlet-preferences>',1,'CMS Administrator,CMS User,',1);
INSERT INTO `portlet` (`portletid`, `groupid`, `companyid`, `defaultpreferences`, `narrow`, `roles`, `active_`) VALUES ('EXT_13','SHARED_KEY','dotcms.org','<portlet-preferences></portlet-preferences>',1,'CMS Administrator,',1);
INSERT INTO `portlet` (`portletid`, `groupid`, `companyid`, `defaultpreferences`, `narrow`, `roles`, `active_`) VALUES ('EXT_16','SHARED_KEY','dotcms.org','<portlet-preferences>\r\n  <preference>\r\n  <name>MenuItems</name> \r\n  <value>\r\n    <menu-items>\r\n		    <!-- New Menu Items-->\r\n		    <menu-item position=\"top\">\r\n		    	<name>New</name>\r\n		    	<icon>/html/skin/image/dotcms/icons/page_new.gif</icon>\r\n		    	<assoc-portlet>EXT_16</assoc-portlet>\r\n		    	<params />\r\n		    	<submenu>\r\n				  	<menu-item>\r\n					  	<name>Mailing List</name>\r\n					  	<icon>/html/skin/image/dotcms/icons/email_group_add.gif</icon>\r\n					  	<assoc-portlet>EXT_16</assoc-portlet>\r\n						  	<params>\r\n						  		<param>\r\n						  			<name>struts_action</name>\r\n						  			<value>/ext/usermanager/view_usermanagerlist</value>\r\n						  		</param>\r\n						  	</params>\r\n				  	</menu-item>\r\n		    	</submenu>\r\n		    </menu-item>\r\n		    <!-- Non-New Menu Items-->\r\n		  	<menu-item>\r\n			  	<name>Mailing Lists</name>\r\n			  	<icon>/html/skin/image/dotcms/icons/email_group.gif</icon>\r\n			  	<assoc-portlet>EXT_16</assoc-portlet>\r\n				  	<params>\r\n				  		<param>\r\n				  			<name>struts_action</name>\r\n				  			<value>/ext/mailinglists/view_mailinglists</value>\r\n				  		</param>\r\n				  	</params>\r\n		  	</menu-item>\r\n	    </menu-items>\r\n    </value> \r\n  </preference>\r\n</portlet-preferences>',0,'Mailing Lists Administrator,Mailing List Editor,User Manager Administrator,',1);
INSERT INTO `portlet` (`portletid`, `groupid`, `companyid`, `defaultpreferences`, `narrow`, `roles`, `active_`) VALUES ('EXT_19','SHARED_KEY','dotcms.org','<portlet-preferences>\r\n  <preference>\r\n  <name>MenuItems</name> \r\n  <value>\r\n    <menu-items>\r\n		    <!-- New Menu Items-->\r\n		    <menu-item position=\"top\">\r\n		    	<name>New</name>\r\n		    	<icon>/html/skin/image/dotcms/icons/page_new.gif</icon>\r\n		    	<assoc-portlet>EXT_19</assoc-portlet>\r\n		    	<params />\r\n		    	<submenu>\r\n				  	<menu-item>\r\n					  	<name>Campaign</name>\r\n					  	<icon>/html/skin/image/dotcms/icons/transmit_blue_clock_add.gif</icon>\r\n					  	<assoc-portlet>EXT_19</assoc-portlet>\r\n					  	<create-campaign />\r\n						  	<params>\r\n						  		<param>\r\n						  			<name>struts_action</name>\r\n						  			<value>/ext/campaigns/edit_campaign</value>\r\n						  		</param>\r\n						  		<param>\r\n						  			<name>cmd</name>\r\n						  			<value>edit</value>\r\n						  		</param>\r\n						  	</params>\r\n				  	</menu-item>\r\n		    	</submenu>\r\n		    </menu-item>\r\n		    <!-- Non-New Menu Items-->\r\n		  	<menu-item>\r\n			  	<name>Campaigns</name>\r\n			  	<icon>/html/skin/image/dotcms/icons/transmit_blue_clock.gif</icon>\r\n			  	<assoc-portlet>EXT_19</assoc-portlet>\r\n				  	<params>\r\n				  		<param>\r\n				  			<name>struts_action</name>\r\n				  			<value>/ext/campaigns/view_campaigns</value>\r\n				  		</param>\r\n				  	</params>\r\n		  	</menu-item>\r\n	    </menu-items>\r\n    </value> \r\n  </preference>\r\n</portlet-preferences>',0,'Campaign Manager Admin,Campaign Manager Viewer,Campaign Manager Editor,',1);
INSERT INTO `portlet` (`portletid`, `groupid`, `companyid`, `defaultpreferences`, `narrow`, `roles`, `active_`) VALUES ('EXT_4','SHARED_KEY','dotcms.org','<portlet-preferences>\r\n  <preference>\r\n  <name>MenuItems</name> \r\n  <value>\r\n    <menu-items>\r\n	    <!-- New Menu Items-->\r\n	    <menu-item position=\"top\">\r\n	    	<name>New</name>\r\n	    	<icon>/html/skin/image/dotcms/icons/page_new.gif</icon>\r\n	    	<assoc-portlet />\r\n	    	<params />\r\n	    	<submenu>\r\n			  	<menu-item>\r\n				  	<name>Category</name>\r\n				  	<icon>/html/skin/image/dotcms/icons/chart_organisation_children_add.gif</icon>\r\n				  	<assoc-portlet>EXT_4</assoc-portlet>\r\n				  	<params>\r\n				  		<param>\r\n				  			<name>struts_action</name>\r\n				  			<value>/ext/categories/view_category</value>\r\n				  		</param>\r\n				  	</params>\r\n			  	</menu-item>\r\n	    	</submenu>\r\n	    </menu-item>\r\n	    <!-- Non-New Menu Items-->\r\n	  	<menu-item>\r\n		  	<name>Categories</name>\r\n		  	<icon>/html/skin/image/dotcms/icons/chart_organisation_children.gif</icon>\r\n		  	<assoc-portlet>EXT_4</assoc-portlet>\r\n		  	<params>\r\n		  		<param>\r\n		  			<name>struts_action</name>\r\n		  			<value>/ext/categories/view_category</value>\r\n		  		</param>\r\n		  	</params>\r\n	  	</menu-item>\r\n    </menu-items>\r\n   </value> \r\n  </preference>\r\n</portlet-preferences>',1,'CMS Administrator,CMS User,',1);
INSERT INTO `portlet` (`portletid`, `groupid`, `companyid`, `defaultpreferences`, `narrow`, `roles`, `active_`) VALUES ('EXT_6','SHARED_KEY','dotcms.org','<portlet-preferences>\r\n  <preference>\r\n  <name>MenuItems</name> \r\n  <value>\r\n    <menu-items>\r\n	    <!-- New Menu Items-->\r\n		    <menu-item position=\"top\">\r\n		    	<name>New</name>\r\n		    	<icon>/html/skin/image/dotcms/icons/page_new.gif</icon>\r\n		    	<assoc-portlet />\r\n		    	<params />\r\n		    	<submenu>\r\n				  	<menu-item>\r\n					  	<name>Category Group</name>\r\n					  	<icon>/html/skin/image/dotcms/icons/chart_organisation_add.gif</icon>\r\n					  	<assoc-portlet>EXT_6</assoc-portlet>\r\n					  	<params>\r\n					  		<param>\r\n					  			<name>struts_action</name>\r\n					  			<value>/ext/entities/edit_entity</value>\r\n					  		</param>\r\n					  	</params>\r\n				  	</menu-item>\r\n		    	</submenu>\r\n		    </menu-item>\r\n		    <!-- Non-New Menu Items-->\r\n		  	<menu-item>\r\n			  	<name>Category Groups</name>\r\n			  	<icon>/html/skin/image/dotcms/icons/chart_organisation.gif</icon>\r\n			  	<assoc-portlet>EXT_6</assoc-portlet>\r\n			  	<params>\r\n			  		<param>\r\n			  			<name>struts_action</name>\r\n			  			<value>/ext/entities/view_entities</value>\r\n			  		</param>\r\n			  	</params>\r\n		  	</menu-item>\r\n	    </menu-items>\r\n    </value> \r\n  </preference>\r\n</portlet-preferences>',1,'CMS Administrator,',1);
INSERT INTO `portlet` (`portletid`, `groupid`, `companyid`, `defaultpreferences`, `narrow`, `roles`, `active_`) VALUES ('EXT_BROWSER','SHARED_KEY','dotcms.org','<portlet-preferences>\n <preference>\n  <name>MenuItems</name> \n  <value>\n    <!-- New Menu Items-->\n    <menu-items>\n	    <menu-item position=\"top\">\n	    	<name>New</name>\n	    	<icon>/html/skin/image/dotcms/icons/page_new.gif</icon>\n	    	<assoc-portlet />\n	    	<params />\n	    	<submenu>\n			  	<menu-item>\n				  	<name>HTML Pages</name>\n				  	<icon>/html/skin/image/dotcms/icons/page_add.gif</icon>\n				  	<assoc-portlet>EXT_15</assoc-portlet>\n				  	<params>\n				  		<param>\n				  			<name>struts_action</name>\n				  			<value>/ext/htmlpages/edit_htmlpage</value>\n				  		</param>\n				  	</params>\n			  	</menu-item>\n			  	<menu-item>\n				  	<name>Files</name>\n				  	<icon>/html/skin/image/dotcms/icons/page_white_add.gif</icon>\n				  	<assoc-portlet>EXT_3</assoc-portlet>\n				  	<params>\n				  		<param>\n				  			<name>struts_action</name>\n				  			<value>/ext/files/edit_file</value>\n				  		</param>\n				  	</params>\n			  	</menu-item>\n			  	<menu-item>\n				  	<name>Menu Link</name>\n				  	<icon>/html/skin/image/dotcms/icons/link_add.gif</icon>\n				  	<assoc-portlet>EXT_18</assoc-portlet>\n				  	<params>\n				  		<param>\n				  			<name>struts_action</name>\n				  			<value>/ext/links/edit_link</value>\n				  		</param>\n				  		<param>\n				  			<name>cmd</name>\n				  			<value>edit</value>\n				  		</param>\n				  	</params>\n			  	</menu-item>\n			  	<menu-item>\n				  	<name>Container</name>\n				  	<icon>/html/skin/image/dotcms/icons/package_add.gif</icon>\n				  	<assoc-portlet>EXT_12</assoc-portlet>\n				  	<params>\n				  		<param>\n				  			<name>struts_action</name>\n				  			<value>/ext/containers/edit_container</value>\n				  		</param>\n				  	</params>\n			  	</menu-item>\n			  	<menu-item>\n				  	<name>Template</name>\n				  	<icon>/html/skin/image/dotcms/icons/layout_add.gif</icon>\n				  	<assoc-portlet>EXT_13</assoc-portlet>\n				  	<params>\n				  		<param>\n				  			<name>struts_action</name>\n				  			<value>/ext/templates/edit_template</value>\n				  		</param>\n				  	</params>\n			  	</menu-item>\n			  </submenu>\n			</menu-item>\n	    <!-- Non-New Menu Items-->\n	  	<menu-item>\n		  	<name>Browser</name>\n		  	<icon>/html/skin/image/dotcms/icons/application_side_list_world.gif</icon>\n		  	<assoc-portlet></assoc-portlet>\n		  	<params>\n		  		<param>\n		  			<name>struts_action</name>\n		  			<value>/ext/browser/view_browser</value>\n		  		</param>\n		  	</params>\n	  	</menu-item>\n	  	<menu-item>\n		  	<name>HTML Pages</name>\n		  	<icon>/html/skin/image/dotcms/icons/page.gif</icon>\n		  	<assoc-portlet>EXT_15</assoc-portlet>\n		  	<params>\n		  		<param>\n		  			<name>struts_action</name>\n		  			<value>/ext/htmlpages/view_htmlpages</value>\n		  		</param>\n		  	</params>\n	  	</menu-item>\n	  	<menu-item>\n		  	<name>Files</name>\n		  	<icon>/html/skin/image/dotcms/icons/page_white_stack.gif</icon>\n		  	<assoc-portlet>EXT_3</assoc-portlet>\n		  	<params>\n		  		<param>\n		  			<name>struts_action</name>\n		  			<value>/ext/files/view_files</value>\n		  		</param>\n		  	</params>\n	  	</menu-item>\n	  	<menu-item>\n		  	<name>Containers</name>\n		  	<icon>/html/skin/image/dotcms/icons/package.gif</icon>\n		  	<assoc-portlet>EXT_12</assoc-portlet>\n		  	<params>\n		  		<param>\n		  			<name>struts_action</name>\n		  			<value>/ext/containers/view_containers</value>\n		  		</param>\n		  	</params>\n	  	</menu-item>\n	  	<menu-item>\n		  	<name>Templates</name>\n		  	<icon>/html/skin/image/dotcms/icons/layout.gif</icon>\n		  	<assoc-portlet>EXT_13</assoc-portlet>\n		  	<params>\n		  		<param>\n		  			<name>struts_action</name>\n		  			<value>/ext/templates/view_templates</value>\n		  		</param>\n		  	</params>\n	  	</menu-item>\n	  	<menu-item>\n		  	<name>Virtual Links</name>\n		  	<icon>/html/skin/image/dotcms/icons/server_link.gif</icon>\n		  	<assoc-portlet>EXT_VIRTUAL_LINKS</assoc-portlet>\n		  	<params>\n		  		<param>\n		  			<name>struts_action</name>\n		  			<value>/ext/virtuallinks/view_virtuallinks</value>\n		  		</param>\n		  	</params>\n	  	</menu-item>\n	  	<menu-item>\n		  	<name>Menu Link</name>\n		  	<icon>/html/skin/image/dotcms/icons/link.gif</icon>\n		  	<assoc-portlet>EXT_18</assoc-portlet>\n		  	<params>\n		  		<param>\n		  			<name>struts_action</name>\n		  			<value>/ext/links/view_links</value>\n		  		</param>\n		  	</params>\n	  	</menu-item>\n   </menu-items>\n  </value> \n </preference>\n</portlet-preferences>',0,'CMS Administrator,CMS User,',1);
INSERT INTO `portlet` (`portletid`, `groupid`, `companyid`, `defaultpreferences`, `narrow`, `roles`, `active_`) VALUES ('EXT_CMS_MAINTENANCE','SHARED_KEY','dotcms.org','<portlet-preferences>\r\n  <preference>\r\n  <name>MenuItems</name> \r\n  <value>\r\n    <menu-items>\r\n		    <!-- Non-New Menu Items-->\r\n		  	<menu-item>\r\n			  	<name>Maintenance</name>\r\n			  	<icon>/html/skin/image/dotcms/icons/wrench.gif</icon>\r\n			  	<assoc-portlet>EXT_CMS_MAINTENANCE</assoc-portlet>\r\n			  	<render />\r\n				  	<params>\r\n				  		<param>\r\n				  			<name>struts_action</name>\r\n				  			<value>/ext/cmsmaintenance/view_cms_maintenance</value>\r\n				  		</param>\r\n				  	</params>\r\n		  	</menu-item>\r\n 	   </menu-items>\r\n    </value> \r\n  </preference>\r\n</portlet-preferences>',1,'CMS Administrator,',1);
INSERT INTO `portlet` (`portletid`, `groupid`, `companyid`, `defaultpreferences`, `narrow`, `roles`, `active_`) VALUES ('EXT_COMMUNICATIONS_MANAGER','SHARED_KEY','dotcms.org','<portlet-preferences>\n  <preference>\n  <name>MenuItems</name> \n  <value>\n    <menu-items>\n		    <menu-item position=\"top\">\n		    	<name>New</name>\n		    	<icon>/html/skin/image/dotcms/icons/page_new.gif</icon>\n		    	<assoc-portlet>EXT_COMMUNICATIONS_MANAGER</assoc-portlet>\n		    	<params />\n		    	<submenu>\n				  	<menu-item>\n					  	<name>Communication</name>\n					  	<icon>/html/skin/image/dotcms/icons/transmit_blue_page_add.gif</icon>\n					  	<assoc-portlet>EXT_19</assoc-portlet>\n					  	<create-campaign />\n						  	<params>\n						  		<param>\n						  			<name>struts_action</name>\n						  			<value>/ext/communications/edit_communication</value>\n						  		</param>\n						  		<param>\n						  			<name>cmd</name>\n						  			<value>edit</value>\n						  		</param>\n						  	</params>\n				  	</menu-item>\n		    	</submenu>\n		    </menu-item>\n		    <!-- Non-New Menu Items-->\n		  	<menu-item>\n			  	<name>Communications</name>\n			  	<icon>/html/skin/image/dotcms/icons/transmit_blue_page.gif</icon>\n			  	<assoc-portlet>EXT_COMMUNICATIONS_MANAGER</assoc-portlet>\n				  	<params>\n				  		<param>\n				  			<name>struts_action</name>\n				  			<value>/ext/communications/view_communications</value>\n				  		</param>\n				  	</params>\n		  	</menu-item>\n    	</menu-items>\n    </value> \n  </preference>\n</portlet-preferences>',0,'Campaign Manager Admin,Campaign Manager Editor,',1);
INSERT INTO `portlet` (`portletid`, `groupid`, `companyid`, `defaultpreferences`, `narrow`, `roles`, `active_`) VALUES ('EXT_LANG','SHARED_KEY','dotcms.org','<portlet-preferences>\r\n  <preference>\r\n  <name>MenuItems</name> \r\n  <value>\r\n    <menu-items>\r\n		    <!-- New Menu Items-->\r\n		    <menu-item position=\"top\">\r\n		    	<name>New</name>\r\n		    	<icon>/html/skin/image/dotcms/icons/page_new.gif</icon>\r\n		    	<assoc-portlet>EXT_LANG</assoc-portlet>\r\n		    	<params />\r\n		    	<submenu>\r\n				  	<menu-item>\r\n					  	<name>Dictionary Term</name>\r\n					  	<icon>/html/skin/image/dotcms/icons/book_open_add.gif</icon>\r\n					  	<assoc-portlet>EXT_LANG</assoc-portlet>\r\n					  	<params>\r\n					  		<param>\r\n					  			<name>struts_action</name>\r\n					  			<value>/ext/languages_manager/edit_languages</value>\r\n					  		</param>\r\n					  		<param>\r\n					  			<name>id</name>\r\n					  			<value></value>\r\n					  		</param>\r\n					  	</params>\r\n				  	</menu-item>\r\n				  </submenu>\r\n		  	</menu-item>\r\n		    <!-- Non-New Menu Items-->\r\n		  	<menu-item>\r\n			  	<name>Dictionaries</name>\r\n			  	<icon>/html/skin/image/dotcms/icons/book.gif</icon>\r\n			  	<assoc-portlet>EXT_LANG</assoc-portlet>\r\n			  	<params>\r\n			  		<param>\r\n			  			<name>struts_action</name>\r\n			  			<value>/ext/languages_manager/view_languages_manager</value>\r\n			  		</param>\r\n			  	</params>\r\n		  	</menu-item>\r\n	    </menu-items>\r\n    </value> \r\n  </preference>\r\n</portlet-preferences>',1,'CMS Administrator,',1);
INSERT INTO `portlet` (`portletid`, `groupid`, `companyid`, `defaultpreferences`, `narrow`, `roles`, `active_`) VALUES ('EXT_REPORTMANAGER','SHARED_KEY','dotcms.org','<portlet-preferences>\r\n  <preference>\r\n  <name>MenuItems</name> \r\n  <value>\r\n    <menu-items>\r\n		    <!-- New Menu Items-->\r\n		    <menu-item position=\"top\">\r\n		    	<name>New</name>\r\n		    	<icon>/html/skin/image/dotcms/icons/page_new.gif</icon>\r\n		    	<assoc-portlet>EXT_REPORTMANAGER</assoc-portlet>\r\n		    	<create-report />\r\n		    	<params />\r\n		    	<submenu>\r\n				  	<menu-item>\r\n					  	<name>Report</name>\r\n					  	<icon>/html/skin/image/dotcms/icons/report_add.gif</icon>\r\n					  	<assoc-portlet>EXT_REPORTMANAGER</assoc-portlet>\r\n					  	<params>\r\n					  		<param>\r\n					  			<name>struts_action</name>\r\n					  			<value>/ext/report/edit_report</value>\r\n					  		</param>\r\n					  	</params>\r\n				  	</menu-item>\r\n		    	</submenu>\r\n		    </menu-item>\r\n		    <!-- Non-New Menu Items-->\r\n		  	<menu-item>\r\n			  	<name>Reports</name>\r\n			  	<icon>/html/skin/image/dotcms/icons/report.gif</icon>\r\n			  	<assoc-portlet>EXT_REPORTMANAGER</assoc-portlet>\r\n			  	<show-reports />\r\n				  	<params>\r\n				  		<param>\r\n				  			<name>struts_action</name>\r\n				  			<value>/ext/report/view_reports</value>\r\n				  		</param>\r\n				  	</params>\r\n		  	</menu-item>\r\n	    </menu-items>\r\n    </value> \r\n  </preference>\r\n</portlet-preferences>',0,'CMS Administrator,Report Administrator,Report Editor,Report Viewer,',1);
INSERT INTO `portlet` (`portletid`, `groupid`, `companyid`, `defaultpreferences`, `narrow`, `roles`, `active_`) VALUES ('EXT_STRUCTURE','SHARED_KEY','dotcms.org','<portlet-preferences>\r\n  <preference>\r\n  <name>MenuItems</name> \r\n  <value>\r\n    <menu-items>\r\n	    <!-- New Menu Items-->\r\n		    <menu-item position=\"top\">\r\n		    	<name>New</name>\r\n		    	<icon>/html/skin/image/dotcms/icons/page_new.gif</icon>\r\n		    	<assoc-portlet />\r\n		    	<params />\r\n		    	<submenu>\r\n				  	<menu-item>\r\n					  	<name>Structure</name>\r\n					  	<icon>/html/skin/image/dotcms/icons/table_add.gif</icon>\r\n					  	<assoc-portlet>EXT_STRUCTURE</assoc-portlet>\r\n					  	<params>\r\n					  		<param>\r\n					  			<name>struts_action</name>\r\n					  			<value>/ext/structure/edit_structure</value>\r\n					  		</param>\r\n					  	</params>\r\n				  	</menu-item>\r\n				  	<menu-item>\r\n					  	<name>Relationship</name>\r\n					  	<icon>/html/skin/image/dotcms/icons/table_relationship_add.gif</icon>\r\n					  	<assoc-portlet>EXT_STRUCTURE</assoc-portlet>\r\n					  	<params>\r\n					  		<param>\r\n					  			<name>struts_action</name>\r\n					  			<value>/ext/structure/edit_relationship</value>\r\n					  		</param>\r\n					  	</params>\r\n				  	</menu-item>\r\n		    	</submenu>\r\n		    </menu-item>\r\n		    <!-- Non-New Menu Items-->\r\n		  	<menu-item>\r\n			  	<name>Structures</name>\r\n			  	<icon>/html/skin/image/dotcms/icons/table_multiple.gif</icon>\r\n			  	<assoc-portlet>EXT_STRUCTURE</assoc-portlet>\r\n			  	<params>\r\n			  		<param>\r\n			  			<name>struts_action</name>\r\n			  			<value>/ext/structure/view_structure</value>\r\n			  		</param>\r\n			  	</params>\r\n		  	</menu-item>\r\n		  	<menu-item>\r\n			  	<name>Relationships</name>\r\n			  	<icon>/html/skin/image/dotcms/icons/table_relationship.gif</icon>\r\n			  	<assoc-portlet>EXT_STRUCTURE</assoc-portlet>\r\n			  	<params>\r\n			  		<param>\r\n			  			<name>struts_action</name>\r\n			  			<value>/ext/structure/view_relationships</value>\r\n			  		</param>\r\n			  	</params>\r\n		  	</menu-item>\r\n	    </menu-items>\r\n    </value> \r\n  </preference>\r\n</portlet-preferences>',0,'CMS Administrator,',1);
INSERT INTO `portlet` (`portletid`, `groupid`, `companyid`, `defaultpreferences`, `narrow`, `roles`, `active_`) VALUES ('EXT_USERMANAGER','SHARED_KEY','dotcms.org','<portlet-preferences>\r\n  <preference>\r\n  <name>MenuItems</name> \r\n  <value>\r\n    <menu-items>\r\n		    <!-- New Menu Items-->\r\n		    <menu-item position=\"top\">\r\n		    	<name>New</name>\r\n		    	<icon>/html/skin/image/dotcms/icons/page_new.gif</icon>\r\n		    	<assoc-portlet>EXT_USERMANAGER</assoc-portlet>\r\n		    	<params />\r\n		    	<submenu>\r\n				  	<menu-item>\r\n					  	<name>User</name>\r\n					  	<icon>/html/skin/image/dotcms/icons/user_add.gif</icon>\r\n					  	<assoc-portlet>EXT_USERMANAGER</assoc-portlet>\r\n						  	<params>\r\n						  		<param>\r\n						  			<name>struts_action</name>\r\n						  			<value>/ext/usermanager/edit_usermanager</value>\r\n						  		</param>\r\n						  		<param>\r\n						  			<name>cmd</name>\r\n						  			<value>load_register_user</value>\r\n						  		</param>\r\n						  	</params>\r\n				  	</menu-item>\r\n		    	</submenu>\r\n		    </menu-item>\r\n		    <!-- Non-New Menu Items-->\r\n		  	<menu-item>\r\n			  	<name>Users</name>\r\n			  	<icon>/html/skin/image/dotcms/icons/user.gif</icon>\r\n			  	<assoc-portlet>EXT_USERMANAGER</assoc-portlet>\r\n				  	<params>\r\n				  		<param>\r\n				  			<name>struts_action</name>\r\n				  			<value>/ext/usermanager/view_usermanagerlist</value>\r\n				  		</param>\r\n				  	</params>\r\n		  	</menu-item>\r\n	    </menu-items>\r\n    </value> \r\n  </preference>\r\n</portlet-preferences>',0,'Mailing Lists Administrator,User Manager Administrator,User Manager Editor,',1);
INSERT INTO `portlet` (`portletid`, `groupid`, `companyid`, `defaultpreferences`, `narrow`, `roles`, `active_`) VALUES ('EXT_VIRTUAL_LINKS','SHARED_KEY','dotcms.org','<portlet-preferences>\r\n  <preference>\r\n  <name>MenuItems</name> \r\n  <value>\r\n    <menu-items>\r\n		    <!-- Non-New Menu Items-->\r\n		  	<menu-item>\r\n			  	<name>Virtual Links</name>\r\n			  	<icon>/html/skin/image/dotcms/icons/server_link.gif</icon>\r\n			  	<assoc-portlet>EXT_VIRTUAL_LINKS</assoc-portlet>\r\n				  	<params>\r\n				  		<param>\r\n				  			<name>struts_action</name>\r\n				  			<value>/ext/virtuallinks/view_virtuallinks</value>\r\n				  		</param>\r\n				  	</params>\r\n		  	</menu-item>\r\n    	</menu-items>\r\n    </value> \r\n  </preference>\r\n</portlet-preferences>',0,'Administrator,Power User,',1);
INSERT INTO `portlet` (`portletid`, `groupid`, `companyid`, `defaultpreferences`, `narrow`, `roles`, `active_`) VALUES ('EXT_WEBFORMS','SHARED_KEY','dotcms.org','<portlet-preferences>\r\n  <preference>\r\n  <name>MenuItems</name> \r\n  <value>\r\n    <menu-items>\r\n		    <!-- Non-New Menu Items-->\r\n		  	<menu-item>\r\n			  	<name>Web Forms</name>\r\n			  	<icon>/html/skin/image/dotcms/icons/application_form.gif</icon>\r\n			  	<assoc-portlet>EXT_WEBFORMS</assoc-portlet>\r\n			  	<show-webforms />\r\n				  	<params>\r\n				  		<param>\r\n				  			<name>struts_action</name>\r\n				  			<value>/ext/webforms/view_webforms</value>\r\n				  		</param>\r\n				  	</params>\r\n		  	</menu-item>\r\n    	</menu-items>\r\n    </value> \r\n  </preference>\r\n</portlet-preferences>',1,'CMS Administrator,',1);

INSERT INTO `user_` (`userid`, `companyid`, `createdate`, `mod_date`, `password_`, `passwordencrypted`, `passwordexpirationdate`, `passwordreset`, `firstname`, `middlename`, `lastname`, `nickname`, `male`, `birthday`, `emailaddress`, `smsid`, `aimid`, `icqid`, `msnid`, `ymid`, `favoriteactivity`, `favoritebibleverse`, `favoritefood`, `favoritemovie`, `favoritemusic`, `languageid`, `timezoneid`, `skinid`, `dottedskins`, `roundedskins`, `greeting`, `resolution`, `refreshrate`, `layoutids`, `comments`, `logindate`, `loginip`, `lastlogindate`, `lastloginip`, `failedloginattempts`, `agreedtotermsofuse`, `active_`, `delete_in_progress`, `delete_date`) VALUES ('anonymous','dotcms.org','2017-12-05 18:34:22','2017-12-05 18:34:22','1:1:ZEtiQDOdg8ZXC02nZKEZwULTGw6878XR:i=4e20:T9RXPLd3IstqAdb+T1GzMvmibg0QPUnz',1,NULL,0,'anonymous user',NULL,'anonymous',NULL,1,NULL,'anonymous@dotcmsfakeemail.org',NULL,NULL,NULL,NULL,NULL,NULL,NULL,NULL,NULL,NULL,'en_US','America/New_York',NULL,0,0,'welcome, anonymous anonymous!',NULL,NULL,NULL,NULL,NULL,NULL,NULL,NULL,0,0,1,0,NULL);
INSERT INTO `user_` (`userid`, `companyid`, `createdate`, `mod_date`, `password_`, `passwordencrypted`, `passwordexpirationdate`, `passwordreset`, `firstname`, `middlename`, `lastname`, `nickname`, `male`, `birthday`, `emailaddress`, `smsid`, `aimid`, `icqid`, `msnid`, `ymid`, `favoriteactivity`, `favoritebibleverse`, `favoritefood`, `favoritemovie`, `favoritemusic`, `languageid`, `timezoneid`, `skinid`, `dottedskins`, `roundedskins`, `greeting`, `resolution`, `refreshrate`, `layoutids`, `comments`, `logindate`, `loginip`, `lastlogindate`, `lastloginip`, `failedloginattempts`, `agreedtotermsofuse`, `active_`, `delete_in_progress`, `delete_date`) VALUES ('dotcms.org.1','dotcms.org','2008-03-06 12:36:01','2008-03-06 12:36:01','1:1:EBk/HSdzfiWh52GO9xxbBJhZgsb2jd9Q:i=4e20:LnjrBImIZ2XRA6woT8lSZmGNrDP8LKgE',1,NULL,0,'Admin','','User','',1,NULL,'admin@dotcms.com',NULL,NULL,NULL,NULL,NULL,'8a7d5e23-da1e-420a-b4f0-471e7da8ea2d',NULL,NULL,NULL,NULL,'en_US','US/Eastern','',0,0,'Welcome, Test Test!','1024x768','900',NULL,NULL,'2010-03-17 21:10:52','0:0:0:0:0:0:0:1','2017-12-05 18:36:15','0:0:0:0:0:0:0:1',0,0,1,0,NULL);
INSERT INTO `user_` (`userid`, `companyid`, `createdate`, `mod_date`, `password_`, `passwordencrypted`, `passwordexpirationdate`, `passwordreset`, `firstname`, `middlename`, `lastname`, `nickname`, `male`, `birthday`, `emailaddress`, `smsid`, `aimid`, `icqid`, `msnid`, `ymid`, `favoriteactivity`, `favoritebibleverse`, `favoritefood`, `favoritemovie`, `favoritemusic`, `languageid`, `timezoneid`, `skinid`, `dottedskins`, `roundedskins`, `greeting`, `resolution`, `refreshrate`, `layoutids`, `comments`, `logindate`, `loginip`, `lastlogindate`, `lastloginip`, `failedloginattempts`, `agreedtotermsofuse`, `active_`, `delete_in_progress`, `delete_date`) VALUES ('dotcms.org.default','default','2017-12-05 18:34:21','2017-12-05 18:34:21','password',1,NULL,0,'','','',NULL,1,'2017-12-05 18:34:21','default@dotcms.com',NULL,NULL,NULL,NULL,NULL,NULL,NULL,NULL,NULL,NULL,'en_US','America/New_York',NULL,0,0,'Welcome!',NULL,NULL,NULL,NULL,'2017-12-05 18:34:21',NULL,NULL,NULL,0,0,1,0,NULL);
INSERT INTO `user_` (`userid`, `companyid`, `createdate`, `mod_date`, `password_`, `passwordencrypted`, `passwordexpirationdate`, `passwordreset`, `firstname`, `middlename`, `lastname`, `nickname`, `male`, `birthday`, `emailaddress`, `smsid`, `aimid`, `icqid`, `msnid`, `ymid`, `favoriteactivity`, `favoritebibleverse`, `favoritefood`, `favoritemovie`, `favoritemusic`, `languageid`, `timezoneid`, `skinid`, `dottedskins`, `roundedskins`, `greeting`, `resolution`, `refreshrate`, `layoutids`, `comments`, `logindate`, `loginip`, `lastlogindate`, `lastloginip`, `failedloginattempts`, `agreedtotermsofuse`, `active_`, `delete_in_progress`, `delete_date`) VALUES ('system','dotcms.org','2017-12-05 18:34:22','2017-12-05 18:34:22','1:1:hkkwv4Vf7741UOHh2/oYOYwE4P4ePjSk:i=4e20:wu67MnB7Cv8x4VqS7idRJVhBk6d5pta7',1,NULL,0,'system user',NULL,'system user',NULL,1,NULL,'system@dotcmsfakeemail.org',NULL,NULL,NULL,NULL,NULL,NULL,NULL,NULL,NULL,NULL,'en_US','America/New_York',NULL,0,0,'welcome, system system!',NULL,NULL,NULL,NULL,NULL,NULL,NULL,NULL,0,0,1,0,NULL);

INSERT INTO `users_cms_roles` (`id`, `user_id`, `role_id`) VALUES ('2585ade7-288e-4a87-ab04-c637e523b0d6','dotcms.org.default','15aad986-6d7d-49e3-b643-344158a6e2a1');
INSERT INTO `users_cms_roles` (`id`, `user_id`, `role_id`) VALUES ('3217e482-4317-4f72-b0c6-8675ef7fba94','anonymous','654b0931-1027-41f7-ad4d-173115ed8ec1');
INSERT INTO `users_cms_roles` (`id`, `user_id`, `role_id`) VALUES ('9d7b8298-11d6-4b31-b208-e3b9f498770e','dotcms.org.1','6f9d5449-8f48-4179-a2ad-1983d6217fef');
INSERT INTO `users_cms_roles` (`id`, `user_id`, `role_id`) VALUES ('d3598295-cf25-4dd9-9e79-d930395f6fef','dotcms.org.1','892ab105-f212-407f-8fb4-58ec59310a5e');
INSERT INTO `users_cms_roles` (`id`, `user_id`, `role_id`) VALUES ('3d96ec34-ee03-46ff-a9ef-f6e33ae1a339','system','892ab105-f212-407f-8fb4-58ec59310a5e');
INSERT INTO `users_cms_roles` (`id`, `user_id`, `role_id`) VALUES ('30032317-564c-4b79-92f4-d00f47d48245','dotcms.org.1','e7d4e34e-5127-45fc-8123-d48b62d510e3');
INSERT INTO `users_cms_roles` (`id`, `user_id`, `role_id`) VALUES ('e1035f02-8e0c-4591-b09f-83d3464d29ef','anonymous','edecd377-2321-4803-aa8b-89797dd0d61f');
INSERT INTO `users_cms_roles` (`id`, `user_id`, `role_id`) VALUES ('9e6ad8a8-5d22-4432-859c-49f232e1fdac','dotcms.org.1','ff4d1504-a077-4874-b89b-9844d10d5b6d');


INSERT INTO QRTZ_LOCKS values('TRIGGER_ACCESS');
INSERT INTO QRTZ_LOCKS values('JOB_ACCESS');
INSERT INTO QRTZ_LOCKS values('CALENDAR_ACCESS');
INSERT INTO QRTZ_LOCKS values('STATE_ACCESS');
INSERT INTO QRTZ_LOCKS values('MISFIRE_ACCESS');

INSERT INTO QRTZ_EXCL_LOCKS values('TRIGGER_ACCESS');
INSERT INTO QRTZ_EXCL_LOCKS values('JOB_ACCESS');
INSERT INTO QRTZ_EXCL_LOCKS values('CALENDAR_ACCESS');
INSERT INTO QRTZ_EXCL_LOCKS values('STATE_ACCESS');
INSERT INTO QRTZ_EXCL_LOCKS values('MISFIRE_ACCESS');

INSERT INTO image (imageId, text_) values ('dotcms.org', 'rO0ABXVyAAJbQqzzF/gGCFTgAgAAeHAAACk/iVBORw0KGgoAAAANSUhEUgAAAh4AAAB8CAYAAAAmYLkyAAAACXBIWXMAAAsTAAALEwEAmpwYAAAKT2lDQ1BQaG90b3Nob3AgSUNDIHByb2ZpbGUAAHjanVNnVFPpFj333vRCS4iAlEtvUhUIIFJCi4AUkSYqIQkQSoghodkVUcERRUUEG8igiAOOjoCMFVEsDIoK2AfkIaKOg6OIisr74Xuja9a89+bN/rXXPues852zzwfACAyWSDNRNYAMqUIeEeCDx8TG4eQuQIEKJHAAEAizZCFz/SMBAPh+PDwrIsAHvgABeNMLCADATZvAMByH/w/qQplcAYCEAcB0kThLCIAUAEB6jkKmAEBGAYCdmCZTAKAEAGDLY2LjAFAtAGAnf+bTAICd+Jl7AQBblCEVAaCRACATZYhEAGg7AKzPVopFAFgwABRmS8Q5ANgtADBJV2ZIALC3AMDOEAuyAAgMADBRiIUpAAR7AGDIIyN4AISZABRG8lc88SuuEOcqAAB4mbI8uSQ5RYFbCC1xB1dXLh4ozkkXKxQ2YQJhmkAuwnmZGTKBNA/g88wAAKCRFRHgg/P9eM4Ors7ONo62Dl8t6r8G/yJiYuP+5c+rcEAAAOF0ftH+LC+zGoA7BoBt/qIl7gRoXgugdfeLZrIPQLUAoOnaV/Nw+H48PEWhkLnZ2eXk5NhKxEJbYcpXff5nwl/AV/1s+X48/Pf14L7iJIEyXYFHBPjgwsz0TKUcz5IJhGLc5o9H/LcL//wd0yLESWK5WCoU41EScY5EmozzMqUiiUKSKcUl0v9k4t8s+wM+3zUAsGo+AXuRLahdYwP2SycQWHTA4vcAAPK7b8HUKAgDgGiD4c93/+8//UegJQCAZkmScQAAXkQkLlTKsz/HCAAARKCBKrBBG/TBGCzABhzBBdzBC/xgNoRCJMTCQhBCCmSAHHJgKayCQiiGzbAdKmAv1EAdNMBRaIaTcA4uwlW4Dj1wD/phCJ7BKLyBCQRByAgTYSHaiAFiilgjjggXmYX4IcFIBBKLJCDJiBRRIkuRNUgxUopUIFVIHfI9cgI5h1xGupE7yAAygvyGvEcxlIGyUT3UDLVDuag3GoRGogvQZHQxmo8WoJvQcrQaPYw2oefQq2gP2o8+Q8cwwOgYBzPEbDAuxsNCsTgsCZNjy7EirAyrxhqwVqwDu4n1Y8+xdwQSgUXACTYEd0IgYR5BSFhMWE7YSKggHCQ0EdoJNwkDhFHCJyKTqEu0JroR+cQYYjIxh1hILCPWEo8TLxB7iEPENyQSiUMyJ7mQAkmxpFTSEtJG0m5SI+ksqZs0SBojk8naZGuyBzmULCAryIXkneTD5DPkG+Qh8lsKnWJAcaT4U+IoUspqShnlEOU05QZlmDJBVaOaUt2ooVQRNY9aQq2htlKvUYeoEzR1mjnNgxZJS6WtopXTGmgXaPdpr+h0uhHdlR5Ol9BX0svpR+iX6AP0dwwNhhWDx4hnKBmbGAcYZxl3GK+YTKYZ04sZx1QwNzHrmOeZD5lvVVgqtip8FZHKCpVKlSaVGyovVKmqpqreqgtV81XLVI+pXlN9rkZVM1PjqQnUlqtVqp1Q61MbU2epO6iHqmeob1Q/pH5Z/YkGWcNMw09DpFGgsV/jvMYgC2MZs3gsIWsNq4Z1gTXEJrHN2Xx2KruY/R27iz2qqaE5QzNKM1ezUvOUZj8H45hx+Jx0TgnnKKeX836K3hTvKeIpG6Y0TLkxZVxrqpaXllirSKtRq0frvTau7aedpr1Fu1n7gQ5Bx0onXCdHZ4/OBZ3nU9lT3acKpxZNPTr1ri6qa6UbobtEd79up+6Ynr5egJ5Mb6feeb3n+hx9L/1U/W36p/VHDFgGswwkBtsMzhg8xTVxbzwdL8fb8VFDXcNAQ6VhlWGX4YSRudE8o9VGjUYPjGnGXOMk423GbcajJgYmISZLTepN7ppSTbmmKaY7TDtMx83MzaLN1pk1mz0x1zLnm+eb15vft2BaeFostqi2uGVJsuRaplnutrxuhVo5WaVYVVpds0atna0l1rutu6cRp7lOk06rntZnw7Dxtsm2qbcZsOXYBtuutm22fWFnYhdnt8Wuw+6TvZN9un2N/T0HDYfZDqsdWh1+c7RyFDpWOt6azpzuP33F9JbpL2dYzxDP2DPjthPLKcRpnVOb00dnF2e5c4PziIuJS4LLLpc+Lpsbxt3IveRKdPVxXeF60vWdm7Obwu2o26/uNu5p7ofcn8w0nymeWTNz0MPIQ+BR5dE/C5+VMGvfrH5PQ0+BZ7XnIy9jL5FXrdewt6V3qvdh7xc+9j5yn+M+4zw33jLeWV/MN8C3yLfLT8Nvnl+F30N/I/9k/3r/0QCngCUBZwOJgUGBWwL7+Hp8Ib+OPzrbZfay2e1BjKC5QRVBj4KtguXBrSFoyOyQrSH355jOkc5pDoVQfujW0Adh5mGLw34MJ4WHhVeGP45wiFga0TGXNXfR3ENz30T6RJZE3ptnMU85ry1KNSo+qi5qPNo3ujS6P8YuZlnM1VidWElsSxw5LiquNm5svt/87fOH4p3iC+N7F5gvyF1weaHOwvSFpxapLhIsOpZATIhOOJTwQRAqqBaMJfITdyWOCnnCHcJnIi/RNtGI2ENcKh5O8kgqTXqS7JG8NXkkxTOlLOW5hCepkLxMDUzdmzqeFpp2IG0yPTq9MYOSkZBxQqohTZO2Z+pn5mZ2y6xlhbL+xW6Lty8elQfJa7OQrAVZLQq2QqboVFoo1yoHsmdlV2a/zYnKOZarnivN7cyzytuQN5zvn//tEsIS4ZK2pYZLVy0dWOa9rGo5sjxxedsK4xUFK4ZWBqw8uIq2Km3VT6vtV5eufr0mek1rgV7ByoLBtQFr6wtVCuWFfevc1+1dT1gvWd+1YfqGnRs+FYmKrhTbF5cVf9go3HjlG4dvyr+Z3JS0qavEuWTPZtJm6ebeLZ5bDpaql+aXDm4N2dq0Dd9WtO319kXbL5fNKNu7g7ZDuaO/PLi8ZafJzs07P1SkVPRU+lQ27tLdtWHX+G7R7ht7vPY07NXbW7z3/T7JvttVAVVN1WbVZftJ+7P3P66Jqun4lvttXa1ObXHtxwPSA/0HIw6217nU1R3SPVRSj9Yr60cOxx++/p3vdy0NNg1VjZzG4iNwRHnk6fcJ3/ceDTradox7rOEH0x92HWcdL2pCmvKaRptTmvtbYlu6T8w+0dbq3nr8R9sfD5w0PFl5SvNUyWna6YLTk2fyz4ydlZ19fi753GDborZ752PO32oPb++6EHTh0kX/i+c7vDvOXPK4dPKy2+UTV7hXmq86X23qdOo8/pPTT8e7nLuarrlca7nuer21e2b36RueN87d9L158Rb/1tWeOT3dvfN6b/fF9/XfFt1+cif9zsu72Xcn7q28T7xf9EDtQdlD3YfVP1v+3Njv3H9qwHeg89HcR/cGhYPP/pH1jw9DBY+Zj8uGDYbrnjg+OTniP3L96fynQ89kzyaeF/6i/suuFxYvfvjV69fO0ZjRoZfyl5O/bXyl/erA6xmv28bCxh6+yXgzMV70VvvtwXfcdx3vo98PT+R8IH8o/2j5sfVT0Kf7kxmTk/8EA5jz/GMzLdsAAAAgY0hSTQAAeiUAAICDAAD5/wAAgOkAAHUwAADqYAAAOpgAABdvkl/FRgAAHmpJREFUeNrsXct129iy3dbq+cONoKEIDEVgKAJTEZgcYWhqgClEccqB6CFHpCMQHYHgCARHYHQEFzcCvwEKbYgmgcL/t/davdxeBgmwUKdq1+fUeffr1y8QBEEQBEG0gSuKgCAIgiAIEg+CIAiCIEg8CIIgCIIgSDwIgiAIgiDxIAiCIAiCSPBX8j/v3r2jNDLguN4q6993m/WKUiIIgiCIy/j169dv4kHk4iHn30k8CIIgCCIHLLUQBEEQBNEamPEgCKI1OK5nALDkr3bqn/4GYJ75yPfU/0cAAgDRbrMOKE2C6+nNejpdU+fgJ2upyzX0Lplcyh6P3BecOeJ1t1lTgATxds2YYgjfi3G0ABg13iIAEAL4AcDfbdb+QJzDKcLdZh1SYxrVQ3PIsndczxYd+lv+zPpNRRDKOmptDbHHgyCIuh2sDeCj/Gk2fMuEzMwAPDiul0R03wAce+RQLAAvGf8eOa53vdusI2pRI3jOIH6P6GF/nhANG8AH5GcxqiAhMMkaik7WUCM6SeJBEERVIzkD8EmMV9dIDPaT43oBgK8ADj136oY4x1tqU+26uUJ2tqlvZCNZR0aHujiT//aO6x0BfN1t1kcSD4IgujaSJoA5gM8dGklNpsESEnIQA+r39Fltx/WWu816S+2qTUct5O9G7PoZjdQ6Mnv4iDMAM8mEHAB8qSOTSOJBEERRwvEgxnJImAOYO64XAnjcbdaHHj7jg+N6R/Z71IZ9zwnHsufEPY3keZdC4h+r6CmJB0Fn6npPyE7Hfu2poyLhKA4TcQr5oYcExEBccrnhqmx8TXf5bHMATwMhHJdI/MxxvS9lB2eSeBBEbKDsjH//PmEDnkQ6baSs/ZO/2y0RkEWPSjCW43orTkKupLO26Gwfyfu+Yb1ukyQ/OK73UdZPQOJBEEQdhnImkZlZI7EIAPyDgvM4pF5v4O2WwjoMuAngRZroFj1pQk1KLgG1sBRR3vd0Le1RPcvhI94C++8aUgRVBuIt7SbqzwJZAF4d13ssQpZJPAiCuGS8ZxW/KkC8q8Sv6kRTn/fPRLc24i28VYzqDHGD531Pyi97x/VuucW2OGlDz5o0ZWfNQ4U19A3lZ2z4F0i8jd9bdY065C7ZjztN7weJB0EQp478uYIxSshGK1tYxRj7AFaSyp4h3pJYhoQY4vCT9HGXTt8SZ3VPrSyUVVj27Jn2KN4XFaHGHSQXSHwAYJsiIsk2XrOizr46rrfI235L4kEQRB2RWWIog66eX4z0FsBWjOlnlGuGnSHutbjruNyxdFzvW4+3APdJdw30rMRSgnREAL4A2LZJelNE5D5FQuYlgw8DwLNkDreXLuIhcQRBo204rvdcknQcAFzvNutFn3oSdpt1sNusFwCu5RmLwpTobd7xT3kWp0pko47+iTrX1FNB0rGVdbTqMtMm6+Z+t1n/B8ACZ0o1SjwJ8SLxIAjibKT4guL9HGnCEfb19+026zBFQI5lHJo4ka7Qu0i+hzo8Qz+m5ibPM4e+5BMCuBFnH/Vs7Rx2m/Ut4om6ZQjI3HG9l3PEmcSDIKZrsC0AP1GsHyIAcNt3wnGBgNyJEQ0KfnyZFb21gJk4V+I8cd736HlMxDvBNDgK6Qh6vnb8CgTkrG0h8SCI6ZKOFxRLTz/uNuubIfcciBG9QXw4WNHorUsHtxenRrxFlUboRt6T8nkOu836bki7llIEZIH8bbwJzu7MIvEgCJKOPAQSma3GIgP5LTeIU91dk4+twpD3KrLviR4vkT3LJUK5/p6yzzOHbrbMUcp/Q107B+hKlxf7vkg8CGJaxtosSDqOErUEY5OF/KYbFOv9mMuW4zrxP4ki82CLs6Ue/x7hn4VHxIO22oKmOTtUvuu+r51ISpeXsh+HrHk4JB4EMR1jbaBYavpxaOngCgb0sePnOCqj8yfJWE0deSUNv82TfiXbYSouXYxpPQm5uD0hH0FeRofEgyCmg2foG0kXUzovRH5r15HoPXSln0mXXGTejJ1xSdTBu9RkOw5jnMkimcNr/B7hfpf3GRIPgpiGsX6C/myTxRRP45XffAd941zd99c6TEuc7xT12FI4+cc2d1zJM5mKSx9HvHYixJmPW43sSTwIYvzGeg79XIFJko6UAT3iz9Rxm/f3IaOs8yLsBnpNhoC8bE+rJRbBJ8U1xyFtPy9LPrS9YCQeBDFu0mFCP1dg0qQjZUADdHhGym6zvodu1sh+SlNNJctjZVwSoZtymYYAfqU1IvEgiKlA20x6T9Lxxvkf0G3Ph+beRUjl0EmHhZ6VWOS5DCj6pvIOTSPxIAhiKhFigkMH6emhkI/Hju4dKO89H/tU09RurCz4HemwZn35XE0kHgQxBdJhIj6dNQ8BePR6FgFYocUhVGfurXFaYy+5PCC7eTNCd9kpDfH4zpVE4kEQU4BmdHOEkc0VaIgALFD8fJe6oBlPbWCkW2ylgXaZc9l9h42bGsIXchWReBDEqCHG2lZc+jjGiaQNoZOdLuJQNSWX2dimmioPgDt23Jv0N4kHiQdBELro12dfRyECEAn56OLeW+jGuj+M7CC5J/S3xJLA5Ooojr96yHCtnEXo87U1EiFnIWJkPJh3OVcawwWlVZgABI7rdTUEaoE4i2VkXJNkCG5HoMczAPM8mbBMSOJRVLEsWUgfxFBays/9G7EhTmF9Rzwbno5RRzAsAO9F5naBzyYRRiD//aDcewnN6ObHsQ8zapB8rLpo5Nxt1pHjegvk7+6wHddbDXncfYESy5EaSeKhZbEfAcygP6jq4gKTP+fy3aGQkW9UyDcLOJG5XYPMDfkeO3WP3sld0s3zAh/JyxB8aHFEdVi2Zq3MdkTQTcYkMkhAR/c9Oq63RX6z5YPjescBBwV5jdERmLEj8VA4vyXisbJmg7dKnM3ccb0I8Ra4L1OM7CSz8VlIR9Poo9xNZeRfhOTaLT27j/LbN7XZjgjEUPEo6zrPlu4d17sd2rsW8pxnt/pUYvneom0YDa4aVCBDosSfyN+HXTcSsvPTcb2XqZxp4Lje3HG9nwBeWiIdWXLfT/QsiS7JZt4aC9lQOmwUOUiuZvLdhg6byJ/EOsQSi0XNbYF4yLauhHAYHf9GG8CLEJBRKoDjejMhHHv0p8t6LnJ/HlmnfV+hOaiK50WMg3z40G2xXQ6M/A+xxBIornlPrW2QeDiuZzmu9yqs1ejZb7UBvDqu9zSWKX8i7xfEDWd9de4zxBmQpykdaNWyHhjI72mJwN6OMZGPFUZ0kJwEq3kkqY+7WDTvwKbGNkQ8pDb3gv6nlZZCQAatDFLGeh2QUo9C7j3FXHHNkb0do4P2ILleTzWVjOiDQn+PPSSAIfIHhJnM+r7FXzUpzh7FdhGcQ/ICv5/8/RJr/FCBTZqIywD3Q6t5iwI/VyR4EeImxh/C2COcmdUh9zIRZ68sxClDC+WzK4nct3L0N1EPNGWWLxTTuCBzRe6R3xcxc1xv1uPeiLwTlCP0exeLr/B/MzDjWA/xkBRelSzHEcA3ZTTm5zyHJSTkPfRbR58c13uPeNZ/76NB2Y68R7kyVoC4xu9rt9mdsPnjCSGZicMr8+6T2nNTXfchip0qmrfjykd7Bz2FBXXCVLwDzlsZL/nYOq73URGA7R3XC/q2y095gnLfB4V9UxCPzyQeNRCPCqQjlOjrUJcyyff4aXIijaQzxDMssp5xDsByXO+uz1tvpQb6VPBjkRCGL3U6HpHTFsA2NTPjc0FCZCHu/bit2ynK860KyPZDDvH43uOBTDPFNWwqHTcWiMuuWevPQM+mmoqNHmSJ5cTeHGWeUZYNMR3Xm3d8rkxvcFVSYcqQjkgyC9e7zXrbNIPdbdbBbrNe7TbrGwDXEgGHGU7wta+7XqSU9VRQ1o8Arneb9aLJaHe3WYfilBMZF3mvBuLSy4xLsTQ+KK45UkyjznqEADSlS7tnB8nl9Z5EGM6gMA25f2CDfUniUZJ0HMUJbrtamEJCrkWRwwwn2CvyUaJ/5gjgRn5v1KKMoxQBKfKeDQDP0pxM1J/xCDkefRLk4wD9QXKd2zjH9Z4w/BJLGltF0GWieNaaxENQpLExEuW564sCyQK9wfkeAEMyH71wggVJR4S4Z6LTkpEQkHuRcVAk+mHmo7B+2Mx2EGlHrXB+Bjre5SJ6u8zT2yENChP/psk6zcWuk3gUZKm28vLEER76qCQSnd/gfPajcycoTVda0nFEnFHyeyTjQMpc24LkwwKhhWYtfqeYpoEiU01bPHvo1K5piI/2d/RN/gdkbII4IR8vU95ie1VAYWYKlpogEEcY9FxRAiEffp+coGRctOOOH/uUUToj4/sCRsRAXO4y6EZU0ExE9CmmSZGPo5Lsd1Vy0RyfMeTj7jVZpyRoeO1Zz02/iIcwM216KEBz2yQbiRJ2m/Ut/jyYK3GCrbJSMQbaOuBiCMdfp8pbGp0wEPcQEYrINeffQw4NmySyGunTeG6T5I+xxHLG1oUFA62nMR/nUYl4QD87IhoS6ThRmMUF8tHa4pT7PCtlvRjS1izJLt0qyYclZT0iG3mkOKCIpgexv3dK/WnlILmUbcvzH4sRyP9Y8HfYiLMf+6mUX64UCjODrpY8WNKRQz6KZCCqQnuK72KI+8ELko8lx6vnRo95+EFJTZZ8BNAfJDdr4ZE0wetiLBk6sc9FSdQcv0/2no1ZP68ULLVI2j8YgcIs8GddfN6SI1kqLt0OeQiN6Ih2XPqe/R4XoZFLQDFNmnys0IOD5MSJ5jnSQZdYaiQfib95dlzvv2MlIXkZj6UyAt+OTGnuUHB0dU0RQR78MZxxIgtSE42Z0Dc0Tw2W4pqIYpo8Ot1iO+ZdLAVs3W3JtWikSMgvx/WeHddbjqEf5CpHYT4rviNEsXMxhqAsrS4E2dpmKhbn3YhkvIJux8UDT3YsjYAimDYKlFxmDc0vmlSJ5cI78HF592QRzBBXIF4lG/LiuN7Kcb3Z0DLDWRmPOfRNjtFIlcVv+j4FCN4Y5azdevYA4hQfFDocUUyETIzW2LKnOkm+bBWd5Vw2uhLLhXcQyu7Je9STiTQQ914+IG7a/a/jej8lK7JyXM/uMxnJIh4aZ3js09Cqhhxj01gqCJ4/xsUpW8800dicWQ+CaJzkG6ip5CLrNS9giDDSEksOCbxBMxOFTSF6D4hHEiRkZN+3Es3VBaWZQdfbcT9yJQnx5y6X2lAk2zHyhRgqLmXWoxgiioA4sWUaO2LXNNV08iWWrHex26zvEPd+NB24m4irF+kSTee9IpcyHp8Unz1M5PCpJvtX5orFOQU5awjsjDtcCiGgCIgTh3dECwfJSYnFzrlsEiWWnPfhS/mlDQKSwMCfvSJ7x/XmbdrXqwtR+Ezx2S8TihQODX29JtvxOAEZHxWO0kAL25oJYuTQ9lWVKrkoJy9HmFiJRUlArsXXRC3ePrGre8SlmVfJhpitEg8l6QjGMLOjAGp3/jK3I+/lHiZ0pLmGyH4CQRBVnFwE3e64stODNYRlwcbn80GuzJG6FmLmd/AYCXH8KSSkkUzIOeLxUfG5r1NTiAa+9hPl/EbGB+T3elhsMiWI6hE2dAfJFZoeLL0hVs5lky+xaMjhbrM+pLIg9+imdGoJkUwaVK26vvgc8dAoGhWnOmY5/x6OfMdQWb2aUXVUMCgCIgOPqHGqqTgl7mJpIOjdbdbb3WZ9A+A/Ir8DuinHvMrskHmtxEPYbZ6SBRNK/zcCWaR5cp4iudNkeD5Sg9TRCkFcjKqVJMBETvlEOZ0UYIml8juTTMhit1n/B/G23HvxFW3J1RYy+rPKWVpXZ740D9+oApWhidq/TnBhBcgvt9hUH4Kobb1pp5pm2awHsMTSyfuTbMidEJFrxP07j4j7Q5okIyaAF8mAmFWJx3vFZ3y+8srImzoZTax5942ByruAp9YSRG3Oa4UKJRfl4ZYRWGJp412Gu836uNusV7vN+vYCGakbNuISzLzIh/46+bul+HEkHvW8LJK78/iuMGQ2CTC+5+mR43o21yuhwB2AV2SXfw3Eo7lvU/plgCWW3pMRxFnk4wlZtBGXra0abmMIMf0gu3JycZrxMHOuD/gqq0GZlvoxYRFpHOXf1CSCqNU5aUoutgwHS/Ck8BkssfTvffuSFblBvVt357IF11ATD2X6OuRrqwwN8fAnvCgihZ6ZVCPVWrQpJkK57rYocFq09HzMc66NwBJL70nnydbdx4p+3kLc+5FJPtKlFkPxpT/4qiqDBE/3+0061Mo6wswQUQR3AH5CV3LRkH+WWAZGQgCsAKykZ+OhZJBnIT6k7ubSBVcnF9Mh9kcBpoyAWlCLjEyKiShgdyLoMhSWIlBliWXYunDYbdZJGaaMP7Ic19triEddURaRjbydQ4wQgP/lXTD1A+PESeTpik1VIgrq1RHVZwhpCQwxAAKCOHNR5tiQ+UlPUGniQVRHnsNktK8jXxbFlK8r3HpMlEDZKPffz7PEMq4gR7Zd35TwTw/nNlSkiccHxZeEfA1EHxwqASDeUpsHEg+isKNB+YwFSyzj1YsA8XbqQ8FAe59FPDQ3JvEgiP7AV1zzgWIiSjgZH7qD5NKoQliIgZBSmdVRhHzYp5lXlloIYrgIlIveoKiIEk6m6KmoLLFMRzeKko9PJB4EMZLoA7qsx4zSIkpCm8FgiYXkIwvzdABE4kH0EYzQ9dAc2sgTfYmyziVA/o6GCCyxTBVFsmKzc8Qj98PskG8FFkXAM4MKQCOHGcstRAXyscrRM5ZYpqsbRUjnx3PE438UYyvII3h0EETRiDRUXDqntIgKWOD8NneWWGiDAuhKLvY54kG0A81wLGviMuKQtWL4qrjmM8VEVHAuIf4suRSJdolxQzNgzEh8W6FSCzgToA5oolNz4jLK+/0B1egNNNFGcrAXQZQlH1u8nWrKEguRJqZHxaV/EA8qUH+IhzVxGeX9fhKPPxe9r7iUWQ+iKpIj1LcssRAn0DS6m2+Ih7JZj8OIqjsJyjkDygbmf1p+rCEQHU25xWaDOFHRfkW7zfpWZnwQRBoaIvr+DfFQRuMmZduKI5uyc7AU1/gtP1M0AIdwgC6b9sDlRxBEE6RUYSuNc8QjzyGa3JbXTgQ94Xp83syJSLqoiT/xRXGNzV4PgiC68m3niAcPnWoHGjlPrtwipDZPv3yqz0UcoMvOPDGAIAiiK1yVMOqcglgdR8U18wnKRROJf2vgvt/HIDxJdWqyHiaAJZdhcWLMbBFB1Ew8lMOIbIqtFgeRRz6maOQ0uy58alAmtlD2enBeTGE8gDvOCCILqvVxVSIaN9kZXws0kftktj+KE8xT2qNsHSWySe2j8vI9JabWTxvMEhFE1hoxoZy8fY54aLblfaKYK+OouGZK2x81JOsb1UZFPg7QZYYsx/WeKLFcg2qQpBFEvr9SXPP9LPGQckuQ8+E5m9NqiUwPiktHv/1RmPI857JIHCqhg3bOwpJ9C7nYg6MECCIPmg0R4VniIdA0qC0nFvE0Ae32R3vkIn6oSVZlEeb8++BItvI4838dK/s9Lq79FXRNz8R0dcSYeiAuv3+uuNTPIh5H5G/L+zwhYTeSjhbn4Hd1/54orK1Q2Ahx02RXxGOQTlmOMw8UlxoAnpnF/EM35+DANSLf4b4AeJn4+tEkIsKkR+/qgsGKFBGmgWmUATSOsQo0UanluN5ypCLWkKovDR9GFYxYhbWnh5o0nm/WvQX2dRA6+2XJf5NcP/KbNT16x+R/rjIu2iI/67Ecc4q2jaYyObvFV1w6uu2PksbO+00Rms12JEQ7zLjk/VBlLFk1LfmYrPE8Qzpe6FOJHD3ZnwSlyfoxJyaKJXTl6C+5xKPAtrwxRwVPaKepTOMYDMS1eGMki9aGLmN239LR236OQx4spCn3QPJRiHRMmnwRhUlHev28TqVnSkiWav5SehTCVY7B2iI/DW3JSxibQJdoaXqovBBVyQUj6PcQp/asVNZDS4+VNb3UHHoUs9usF9CXlCYZucnuHpIOoizpSAeJr9IjNHbslevljX+70kScimvmYxKyGKC2HfwWuomT8yETvVQzVp6yRtBvCa0Dfs6/j2GY221B8jGlyG0uZJikg6hCOt44Zcf19mPNHkqp3FYGkH4h4iEf2CqFPB+BMC38WT7aNn1fKSfcKS8fJNFLkQ6NM3ts8xRayTplEb/B63ZKxyLlR5LIbTliR2KIM2EjKaHBjwLrJ7EbLyPsz7Oh31zyRwCpyXhgt1nfKyOlQZOPC/XdAPp5CFUdQ1Agyt8PaepkQdJxlDJf2zhmOeExEGshWLcFjeeT43qj226bWu/a9xpBN3GYGCnELhXJHAK/s4erkawbE7pS+cUA8qrA/RZKY7UfaDQ+B/B6QjoiALctNTemFfugvHw5hLKLKKqWdATQ78KoG3mn1D6MwfmKIShKPmYAfo5lyqlkcbQ6mbYFAYipk49k/RwKfvTBcb2fQx4ImerP09jBQGYJoTTxKLgtbz+k9Kww0f0FQxN18EjaDBMQl11e+9oIKIvsVWngIwB3Hckcu836iOxyi4mRzK5JGc8ijtRAPGjseaiNp47r2Y7rvSLu4dKSSJIO4nT9RNKwrQ3I0zbkZYhrqGDWOsriC1cFhX0sQD6e+t5Y47ie6bjeyxln0qmhEcdbphFw1icllVKQdpdAIvOw40fPOyRxOZZG6pLkI539WA0lA+S4nuW43nPBLAdENiQdxKU1dKi4hvZDICAFs9ZAPAYhqIV4pASt7UOYi0O0eyjIpUTidh+jmxLkI4lGO98GmcpyLAcYUW4VEcx+LCWHlJ4dSnz8oe8ERDIcL6KPRd/ZkaSDKEDgy6yheYqAWD1dQ3Pos9ZA3NeRKYt3v379iv/n3bsyD1Okv2ArDxR1LERbDKZ9IbpZnDM0juv9ylG+dw09r1EiSoMsgsc2Mwg5sh0C6Uh+xwq6kspiTCfmChmv0rB8QDzePuj4dxhCMj6j/PC3x0v16ZLr4qWNexGF13KtspeARDvbAhd80BfEDfZ99pUXbYCUoC7i169f5YlHSfIRiVC3bQtVIUQfGf0FXRGPlCF9LqgArTkDWWyfSzxfKDLvVUQp8n6FbmrtEXFaMazpvjOcTPlr+bdbsqarRF8B4pLVsWXiOwPwUWRY1vCHQij9mm0PiccEiIfc05Q1ZFf8qiPihvfW1lFF0p5LOmohHilDVXTaX5RyiGEPhLiVLcNZ39UZ8Ug9Q5HhNY06A3nvn0S+ZomvyCR6PTBYlpCPRgme3McG8AG/SwG3dTq+kuvmAfpSWZ7e+WJA/Trft8jOErJho/rwry0ayMqSeEyLeJwQ4bqO3QhlHf2QNRXUpaein4kNKkuW1HKshXjUEJEnDtGvI/JNkY0PisgnkujmqPjezomHPMccxTryLylxIErsA4iyZC+KaYiR/yB/Vrn/IAxtiYzeOQNxikR2WXLslHjUnP04J58Qv7cup3/nG2Mq90/kk+jf32LI7ZqfadGUzEk8pkk8Uv5oKcGv0cAt/JQv+6H8zP/JWjJrIEUR4ozvQfuB2ohHSshLeclGhR8RiFEKkr9nlD8SwVmITxC1ChjJQhF3X4hH6nfXkcprG40a+Aajlj3aHaV92ycZ1UR2+4hIHM+2YfmReEyUeLRIQLpAgAs9kXnE4686n2K3WW8d1zuKkZqV+ApDnKl98tIGZ2yaRDJ9cmAO4REd9PbUIOuj43phA5H/kGRwkHU9FsMZoaNeM2KaED1bOa63Hck6qkTYrhoQcLjbrO8Qby8KeyasA4DrIZOOU4cA4BotjXQviaPIfDVUI5/aLteW3th9NJxiaBJ9G+K7DOXZB62PxLAJyMDX0b/2vMqX/NWggH0A1xKVP6CeBpuy8IWh+SNm0geR87xHCvplLDIXOd87rvcNcZbJmnLkJjo3R7Utq22u/69j2vpMjMZub8Vmf+7YR2qC9q912fO/WhDwAcBBjNSnlqO50RKOM3IOASwc17tHnMr71IEiR2hht1LHcvYB3DRIqCP0L1OYt7ZNMZyzHhnPAB1s6SWIEgRkC2Bb03bwOhGmAsha11CtzaUatGCkIhHW15r34q9yFGjVN6WWpraPDTuERN7fNLuDxoaajEWQisqDgcvDxO9dZXaLBjTC7227vSIbIpN5VoA0heCoQxtoD032NW1xrUI2vjdlz2vf1VJCuFYqC2LV4PwSoxNxyZ2VtSWKbFZQ5gCprbgcJ/2Hg0nk/PcFshcC+Ef+DMfucFJ6l+w6M2sgwSF+b8kNEe98ox4SYydQydr5gN/by6vCP7HnjRP2zonHiWCNE6OdCDUt4LSRptGpT+a4oMiJgYc4yZBSI2okaWkCYp3JjkR4OwslYFBBEGfJfXrtXCL3AX43s3a2lt4QD4IgCIIgiKZxRREQBEEQBNEW/n8AAKj3bp7YwHgAAAAASUVORK5CYII=');


set foreign_key_checks=1;



COMMIT;
